,createDt,deathCnt,decideCnt,seq,stateDt,stateTime,updateDt,accExamCnt,accDefRate
0,2022-06-08 09:09:05.982,24305,18188200,904,20220608,00:00,null,,
1,2022-06-07 09:09:00.897,24299,18174842,903,20220607,00:00,2022-06-08 09:10:36.846,,
2,2022-06-06 09:00:06.734,24279,18168670,902,20220606,00:00,2022-06-08 09:10:50.441,,
3,2022-06-05 08:53:19.426,24258,18163648,901,20220605,00:00,2022-06-08 09:11:04.758,,
4,2022-06-04 08:56:49.219,24238,18153814,900,20220604,00:00,2022-06-08 09:11:26.303,,
5,2022-06-03 09:08:18.729,24229,18141775,899,20220603,00:00,2022-06-08 09:11:38.938,,
6,2022-06-02 08:58:19.746,24212,18129236,898,20220602,00:00,2022-06-08 09:11:51.985,,
7,2022-06-01 09:07:30.461,24197,18119345,897,20220601,00:00,2022-06-08 09:12:05.316,,
8,2022-05-31 08:55:39.977,24176,18103577,896,20220531,00:00,2022-06-04 08:59:23.637,,
9,2022-05-30 09:01:30.847,24167,18086392,895,20220530,00:00,2022-06-04 08:59:37.203,,
10,2022-05-29 09:05:28.382,24158,18080257,894,20220529,00:00,2022-06-04 08:59:51.863,,
11,2022-05-28 09:09:18.909,24139,18067610,893,20220528,00:00,2022-06-04 09:00:06.316,,
12,2022-05-27 09:03:34.444,24103,18053236,892,20220527,00:00,2022-06-03 09:11:10.578,,
13,2022-05-26 09:13:37.732,24063,18036664,891,20220526,00:00,2022-06-01 09:08:19.164,,
14,2022-05-25 09:02:44.294,24029,18017859,890,20220525,00:00,2022-06-01 09:08:25.254,,
15,2022-05-24 08:49:38.261,24006,17993923,889,20220524,00:00,2022-05-31 08:58:44.451,,
16,2022-05-23 08:56:56.412,23987,17967592,888,20220523,00:00,2022-05-28 09:10:13.674,,
17,2022-05-22 07:52:40.527,23965,17957621,887,20220522,00:00,2022-05-28 09:10:20.33,,
18,2022-05-21 08:39:51.786,23911,17938332,886,20220521,00:00,2022-05-28 09:10:27.211,,
19,2022-05-20 09:02:54.987,23885,17914882,885,20220520,00:00,2022-05-27 09:04:41.621,,
20,2022-05-19 09:07:11.841,23842,17889769,884,20220519,00:00,2022-05-26 09:16:54.036,,
21,2022-05-18 08:58:30.377,23802,17861660,883,20220518,00:00,2022-05-25 09:05:49.683,,
22,2022-05-17 09:04:52.287,23771,17830327,882,20220517,00:00,2022-05-24 09:18:48.656,,
23,2022-05-16 09:04:43.174,23744,17795242,881,20220516,00:00,2022-05-21 08:47:40.875,,
24,2022-05-15 09:27:15.538,23709,17781952,880,20220515,00:00,2022-05-21 08:47:54.484,,
25,2022-05-14 09:46:39.377,23661,17756527,879,20220514,00:00,2022-05-21 08:48:13.125,,
26,2022-05-13 09:09:51.89,23606,17726955,878,20220513,00:00,2022-05-20 09:06:42.817,,
27,2022-05-12 09:05:26.458,23554,17694520,877,20220512,00:00,2022-05-19 17:37:18.336,,
28,2022-05-11 09:01:52.873,23491,17658638,876,20220511,00:00,2022-05-19 17:38:10.681,,
29,2022-05-10 09:02:38.129,23462,17614757,875,20220510,00:00,2022-05-17 09:06:40.689,,
30,2022-05-09 09:06:19.774,23400,17564861,874,20220509,00:00,2022-05-14 10:34:58.518,,
31,2022-05-08 09:02:00.163,23360,17544273,873,20220508,00:00,2022-05-14 10:35:16.208,,
32,2022-05-07 09:18:40.439,23289,17504225,872,20220507,00:00,2022-05-14 10:35:34.039,,
33,2022-05-06 08:06:00.523,23206,17464662,871,20220506,00:00,2022-05-13 09:11:27.572,,
34,2022-05-05 09:23:43.381,23158,17437984,870,20220505,00:00,2022-05-12 09:06:57.564,,
35,2022-05-04 09:11:34.915,23079,17395705,869,20220504,00:00,2022-05-11 09:03:27.014,,
36,2022-05-03 09:08:23.319,23007,17346659,868,20220503,00:00,2022-05-10 10:09:55.309,,
37,2022-05-02 09:01:12.093,22958,17295553,867,20220502,00:00,2022-05-07 09:20:27.275,,
38,2022-05-01 09:15:03.496,22875,17275477,866,20220501,00:00,2022-05-07 09:20:49.891,,
39,2022-04-30 09:17:39.409,22794,17237717,865,20220430,00:00,2022-05-07 09:21:13.949,,
40,2022-04-29 09:03:59.658,22724,17194473,864,20220429,00:00,2022-05-05 09:26:15.183,,
41,2022-04-28 09:02:00.054,22588,17143917,863,20220428,00:00,2022-05-05 09:26:29.55,,
42,2022-04-27 09:01:55.815,22466,17086471,862,20220427,00:00,2022-05-04 09:13:13.366,,
43,2022-04-26 09:02:16.27,22325,17009707,861,20220426,00:00,2022-05-03 09:11:15.127,,
44,2022-04-25 09:02:21.688,22243,16929440,860,20220425,00:00,2022-04-30 09:23:49.525,,
45,2022-04-24 08:36:32.893,22133,16895079,859,20220424,00:00,2022-04-30 09:25:01.983,,
46,2022-04-23 08:54:03.35,22024,16830375,858,20220423,00:00,2022-04-30 09:24:15.874,,
47,2022-04-22 09:08:41.733,21873,16754952,857,20220422,00:00,2022-04-29 09:05:42.917,,
48,2022-04-21 09:05:31.131,21667,16673919,856,20220421,00:00,2022-04-28 09:04:37.11,,
49,2022-04-20 09:05:36.813,21520,16583076,855,20220420,00:00,2022-04-27 09:03:39.849,,
50,2022-04-19 09:05:13.63,21354,16471787,854,20220419,00:00,2022-04-26 09:12:56.04,,
51,2022-04-18 09:00:48.728,21224,16353325,853,20220418,00:00,2022-04-23 09:58:10.581,,
52,2022-04-17 09:22:50.974,21092,16305595,852,20220417,00:00,2022-04-23 09:58:26.82,,
53,2022-04-16 09:24:06.211,20889,16212617,851,20220416,00:00,2022-04-23 09:58:40.198,,
54,2022-04-15 09:00:09.721,20616,16104735,850,20220415,00:00,2022-04-22 09:10:59.181,,
55,2022-04-14 09:08:23.122,20352,15978935,849,20220414,00:00,2022-04-21 09:13:41.99,,
56,2022-04-13 09:07:39.457,20034,15830526,848,20220413,00:00,2022-04-20 09:08:04.743,,
57,2022-04-12 09:07:12.559,19850,15635144,847,20220412,00:00,2022-04-19 09:07:50.743,,
58,2022-04-11 09:07:55.866,19679,15424429,846,20220411,00:00,2022-04-16 09:25:56.127,,
59,2022-04-10 08:56:28.573,19421,15333512,845,20220410,00:00,2022-04-16 09:26:12.275,,
60,2022-04-09 09:00:27.673,19092,15169056,844,20220409,00:00,2022-04-16 09:26:26.083,,
61,2022-04-08 09:06:47.712,18754,14983531,843,20220408,00:00,2022-04-15 09:02:28.696,,
62,2022-04-07 09:05:52.46,18381,14778232,842,20220407,00:00,2022-04-14 09:10:37.437,,
63,2022-04-06 09:07:21.018,18033,14553448,841,20220406,00:00,2022-04-13 09:10:16.582,,
64,2022-04-05 09:05:37.473,17662,14267201,840,20220405,00:00,2022-04-12 09:10:13.425,,
65,2022-04-04 09:03:19.219,17453,14001116,839,20220404,00:00,2022-04-09 09:23:05.652,,
66,2022-04-03 09:11:21.229,17235,13873953,837,20220403,00:00,2022-04-09 09:23:35.402,,
67,2022-04-02 09:27:09.919,16929,13639688,836,20220402,00:00,2022-04-09 09:24:07.877,,
68,2022-04-01 09:04:54.638,16590,13375568,835,20220401,00:00,2022-04-08 09:09:14.895,,
69,2022-03-31 09:00:17.446,16230,13095337,834,20220331,00:00,2022-04-07 09:08:39.321,,
70,2022-03-30 09:07:48.451,15855,12774654,833,20220330,00:00,2022-04-06 13:45:06.86,,
71,2022-03-29 09:10:15.043,15423,12350188,832,20220329,00:00,2022-04-01 09:06:30.566,,
72,2022-03-28 09:06:58.274,15186,12002688,831,20220328,00:00,2022-04-01 09:06:45.033,,
73,2022-03-27 08:52:08.378,14899,11815506,830,20220327,00:00,2022-04-01 09:07:01.085,,
74,2022-03-26 08:53:27.922,14617,11497431,829,20220326,00:00,2022-04-01 09:07:16.344,,
75,2022-03-25 09:00:20.4,14294,11161890,828,20220325,00:00,2022-04-01 09:07:43.379,,
76,2022-03-24 09:03:23.4,13901,10822439,827,20220324,00:00,2022-03-31 09:07:42.756,,
77,2022-03-23 09:18:19.212,13432,10426913,826,20220323,00:00,2022-03-30 09:09:59.926,,
78,2022-03-22 08:56:35.519,13141,9936142,825,20220322,00:00,2022-03-29 09:12:46.454,,
79,2022-03-21 09:10:38.912,12757,9582314,824,20220321,00:00,2022-03-25 09:07:01.306,,
80,2022-03-20 09:22:09.424,12428,9373175,823,20220320,00:00,2022-03-25 09:07:29.159,,
81,2022-03-19 09:20:10.848,12101,9038522,822,20220319,00:00,2022-03-25 09:07:49.638,,
82,2022-03-18 09:06:55.679,11782,8657109,821,20220318,00:00,2022-03-25 09:08:11.617,,
83,2022-03-17 09:28:28.783,11481,8250270,820,20220317,00:00,2022-03-24 09:06:26.685,,
84,2022-03-16 09:07:33.011,11052,7629066,819,20220316,00:00,2022-03-23 09:20:49.513,,
85,2022-03-15 09:08:41.063,10888,7228473,818,20220315,00:00,2022-03-22 09:00:06.26,,
86,2022-03-14 09:01:32.362,10595,6866190,817,20220314,00:00,2022-03-19 09:47:04.422,,
87,2022-03-13 09:13:37.486,10395,6556411,816,20220313,00:00,2022-03-19 09:47:34.07,,
88,2022-03-12 08:53:24.338,10144,6206229,815,20220312,00:00,2022-03-19 09:47:59.929,,
89,2022-03-11 08:56:23.53,9875,5822612,814,20220311,00:00,2022-03-19 09:48:19.456,,
90,2022-03-10 09:07:48.264,9646,5539639,813,20220310,00:00,2022-03-11 08:57:08.866,,
91,2022-03-09 08:57:50.503,9440,5212101,812,20220309,00:00,2022-03-10 09:08:10.52,,
92,2022-03-08 08:58:30.75,9282,4869672,811,20220308,00:00,2022-03-09 08:58:41.872,,
93,2022-03-07 09:06:07.52,9096,4666970,810,20220307,00:00,2022-03-08 08:58:58.236,,
94,2022-03-06 09:40:46.49,8957,4456261,809,20220306,00:00,2022-03-07 09:06:48.272,,
95,2022-03-05 09:41:58.429,8796,4212636,808,20220305,00:00,2022-03-06 09:41:13.104,,
96,2022-03-04 08:59:56.036,8580,3958309,807,20220304,00:00,2022-03-06 09:41:30.29,,
97,2022-03-03 09:08:34.548,8394,3691459,806,20220303,00:00,2022-03-06 09:41:48.252,,
98,2022-03-02 09:05:42.681,8266,3492659,805,20220302,00:00,2022-03-06 09:42:03.65,,
99,2022-03-01 09:12:42.55,8170,3273431,804,20220301,00:00,2022-03-06 09:42:18.383,,
100,2022-02-28 08:56:05.34,8058,3134441,803,20220228,00:00,2022-03-06 09:42:40.367,,
101,2022-02-27 08:54:59.059,7944,2994817,802,20220227,00:00,2022-03-06 09:43:04.008,,
102,2022-02-26 09:10:30.918,7895,2831256,801,20220226,00:00,2022-03-06 09:45:32.611,,
103,2022-02-25 09:19:35.533,7783,2665074,800,20220225,00:00,2022-02-26 09:11:20.409,,
104,2022-02-24 09:45:42.528,7689,2499187,799,20220224,00:00,2022-02-25 09:19:57.585,,
105,2022-02-23 09:12:48.876,7607,2329172,798,20220223,00:00,2022-02-24 09:46:50.038,,
106,2022-02-22 09:06:38.772,7508,2157730,797,20220222,00:00,2022-02-23 09:13:50.655,,
107,2022-02-21 09:05:08.307,7450,2058161,796,20220221,00:00,2022-02-22 09:07:07.41,,
108,2022-02-20 08:51:11.122,7405,1962822,795,20220220,00:00,2022-02-21 09:05:38.992,,
109,2022-02-19 09:00:04.109,7354,1858008,794,20220219,00:00,2022-02-20 08:52:45.133,,
110,2022-02-18 09:04:59.618,7283,1755798,793,20220218,00:00,2022-02-19 09:00:52.083,,
111,2022-02-17 08:52:05.139,7238,1645975,792,20220217,00:00,2022-02-18 09:05:35.842,,
112,2022-02-16 09:20:27.8,7202,1552843,791,20220216,00:00,2022-02-17 08:52:33.561,,
113,2022-02-15 09:01:44.846,7163,1462408,790,20220215,00:00,2022-02-16 09:20:55.138,,
114,2022-02-14 09:01:51.395,7102,1405244,789,20220214,00:00,2022-02-15 09:02:24.905,,
115,2022-02-13 08:50:26.798,7081,1350627,788,20220213,00:00,2022-02-14 09:03:09.631,,
116,2022-02-12 09:06:44.105,7045,1294199,787,20220212,00:00,2022-02-13 08:50:59.578,,
117,2022-02-11 08:37:42.029,7012,1239264,786,20220211,00:00,2022-02-12 22:25:54.07,,
118,2022-02-10 09:04:23.377,6963,1185361,785,20220210,00:00,2022-02-10 09:06:18.131,,
119,2022-02-09 10:37:00.08,6943,1131239,784,20220209,00:00,,,
120,2022-02-08 10:14:19.994,6922,1081672,783,20220208,00:00,2022-02-09 13:05:32.357,,
121,2022-02-07 09:01:20.8,6886,1044955,782,20220207,00:00,2022-02-09 13:05:22.271,,
122,2022-02-06 09:21:40.142,6873,1009672,781,20220206,00:00,2022-02-09 13:05:11.818,,
123,2022-02-05 10:25:08.782,6858,970983,780,20220205,00:00,2022-02-09 13:05:01.221,,
124,2022-02-04 08:58:40.476,6836,934638,779,20220204,00:00,2022-02-09 13:04:52.382,,
125,2022-02-03 08:46:14.856,6812,907200,778,20220203,00:00,2022-02-09 13:04:42.741,,
126,2022-02-02 09:04:49.92,6787,884294,777,20220202,00:00,2022-02-09 13:04:29.013,,
127,2022-02-01 09:06:24.411,6772,864026,776,20220201,00:00,2022-02-09 13:04:21.424,,
128,2022-01-31 09:22:37.347,6755,845688,775,20220131,00:00,2022-02-07 09:06:04.861,21518073,
129,2022-01-30 09:13:00.269,6732,828611,774,20220130,00:00,2022-02-07 09:05:54.937,21448119,
130,2022-01-29 08:46:05.752,6712,811089,773,20220129,00:00,2022-02-04 08:59:02.84,21377393,
131,2022-01-28 09:04:52.588,6678,793576,772,20220128,00:00,2022-02-04 08:58:55.443,21269304,
132,2022-01-27 09:04:10.687,6654,777483,771,20220127,00:00,2022-02-02 09:05:52.264,21196354,
133,2022-01-26 08:59:34.44,6620,762969,770,20220126,00:00,2022-02-02 09:06:04.543,21110639,
134,2022-01-25 08:58:23.511,6588,749960,769,20220125,00:00,2022-02-02 09:06:12.847,21026346,
135,2022-01-24 08:59:37.815,6565,741390,768,20220124,00:00,2022-02-02 09:06:21.743,20943638,
136,2022-01-23 08:13:23.247,6540,733879,767,20220123,00:00,2022-02-02 09:06:30.706,20892539,
137,2022-01-22 07:26:15.458,6529,726253,766,20220122,00:00,2022-02-02 09:06:40.166,20838500,
138,2022-01-21 08:55:49.63,6501,719249,765,20220121,00:00,2022-01-28 09:07:28.893,20765930,
139,2022-01-20 09:15:13.261,6480,712483,764,20220120,00:00,2022-01-28 09:07:20.195,20709568,
140,2022-01-19 09:01:30.801,6452,705883,763,20220119,00:00,2022-01-28 09:07:08.094,20649522,
141,2022-01-18 09:03:38.28,6378,700080,762,20220118,00:00,2022-01-28 09:07:01.638,20588481,
142,2022-01-17 09:03:38.424,6333,696018,761,20220117,00:00,2022-01-28 09:06:55.793,20527722,
143,2022-01-16 09:31:40.897,6310,692164,760,20220116,00:00,2022-01-28 09:06:48.796,20489023,
144,2022-01-15 08:17:22.717,6281,687975,759,20220115,00:00,2022-01-20 09:15:33.87,20446099,
145,2022-01-14 08:59:27.905,6259,683556,758,20220114,00:00,2022-01-19 09:03:44.328,20389154,
146,2022-01-13 08:43:16.692,6210,679018,757,20220113,00:00,2022-01-19 09:03:32.883,20329715,
147,2022-01-12 09:08:49.646,6166,674854,756,20220112,00:00,2022-01-19 09:03:22.963,20277357,
148,2022-01-11 09:07:41.087,6114,670471,755,20220111,00:00,2022-01-24 14:20:11.807,20215297,
149,2022-01-10 09:06:03.096,6071,667379,754,20220110,00:00,2022-01-16 11:07:18.403,20148476,
150,2022-01-09 08:47:53.411,6037,664374,753,20220109,00:00,2022-01-16 11:07:25.748,20099870,
151,2022-01-08 08:38:42.084,5986,661003,752,20220108,00:00,2022-01-16 11:07:34.017,20046220,
152,2022-01-07 09:04:22.334,5932,657496,751,20220107,00:00,2022-01-14 09:00:38.585,19971712,
153,2022-01-06 08:59:04.372,5887,653783,750,20220106,00:00,2022-01-14 09:00:27.23,19875047,
154,2022-01-05 09:01:59.247,5838,649661,749,20220105,00:00,2022-01-12 09:09:21.324,19778824,
155,2022-01-04 09:04:35.476,5781,645220,748,20220104,00:00,2022-01-12 09:09:14.713,19671880,
156,2022-01-03 08:58:35.591,5730,642199,747,20220103,00:00,2022-01-08 09:40:28.974,19546883,
157,2022-01-02 08:57:24.688,5694,639074,746,20220102,00:00,2022-01-08 09:40:16.808,19456900,
158,2022-01-01 09:02:39.218,5625,635243,745,20220101,00:00,2022-01-08 09:40:05.3,19364122,
159,2021-12-31 09:04:09.35,5563,630828,744,20211231,00:00,2022-01-08 09:39:49.89,19309072,
160,2021-12-30 09:06:07.06,5455,625955,743,20211230,00:00,2022-01-04 09:05:54.411,19251165,
161,2021-12-29 08:56:22.982,5382,620921,742,20211229,00:00,2022-01-04 09:05:44.529,19196738,
162,2021-12-28 09:01:15.646,5346,615514,741,20211228,00:00,2022-01-04 09:05:38.235,19141481,
163,2021-12-27 08:59:50.623,5300,611650,740,20211227,00:00,2022-01-04 09:05:27.24,19082135,
164,2021-12-26 07:59:54.187,5245,607447,739,20211226,00:00,2022-01-03 08:59:43.368,19040194,
165,2021-12-25 07:33:26.751,5176,602034,738,20211225,00:00,2022-01-01 12:55:55.606,18994820,
166,2021-12-24 09:02:52.845,5071,596194,737,20211224,00:00,2021-12-31 09:05:10.596,18929158,
167,2021-12-23 08:52:40.512,5015,589961,736,20211223,00:00,2021-12-31 09:05:02.888,18859285,
168,2021-12-22 09:18:12.299,4906,583047,735,20211222,00:00,2021-12-30 09:07:39.267,18786344,
169,2021-12-21 09:01:45.74,4828,575595,734,20211221,00:00,2021-12-29 08:57:08.866,18718803,
170,2021-12-20 09:02:35.235,4776,570403,733,20211220,00:00,2021-12-26 08:00:45.727,18645857,
171,2021-12-19 09:00:28.825,4722,565087,732,20211219,00:00,2021-12-26 08:00:34.995,18593165,
172,2021-12-18 09:10:13.455,4644,558854,731,20211218,00:00,2021-12-26 08:00:22.206,18539009,
173,2021-12-17 09:07:19.97,4591,551544,730,20211217,00:00,2021-12-25 07:35:15.466,18460563,
174,2021-12-16 09:09:11.111,4518,544110,729,20211216,00:00,2021-12-25 07:35:06.184,18381569,
175,2021-12-15 09:02:08.087,4456,536491,728,20211215,00:00,2021-12-25 07:34:57.519,18298675,
176,2021-12-14 09:05:48.519,4386,528642,727,20211214,00:00,2021-12-22 09:20:01.681,18224740,
177,2021-12-13 09:00:10.891,4292,523075,726,20211213,00:00,2021-12-22 09:19:51.783,18140572,
178,2021-12-12 08:35:19.089,4252,517259,725,20211212,00:00,2021-12-20 09:03:46.785,18084589,
179,2021-12-11 06:19:00.000,4210,510578,724,20211211,00:00,,18024403,
180,2021-12-10 09:04:53.786,4130,503601,723,20211210,00:00,2021-12-17 09:08:03.447,17950721,
181,2021-12-09 09:05:11.285,4077,496853,722,20211209,00:00,2021-12-17 09:07:54.162,17870821,
182,2021-12-08 08:56:34.509,4020,489478,721,20211208,00:00,2021-12-17 09:07:45.766,17787657,
183,2021-12-07 09:03:37.814,3957,482305,720,20211207,00:00,2021-12-15 09:03:25.128,17709512,
184,2021-12-06 09:00:01.23,3893,477352,719,20211206,00:00,2021-12-14 09:35:42.827,17628218,
185,2021-12-05 08:34:20.927,3852,473028,718,20211205,00:00,2021-12-14 09:35:51.094,17577570,
186,2021-12-04 09:08:47.492,3809,467903,717,20211204,00:00,2021-12-12 08:50:18.992,17527015,
187,2021-12-03 09:09:08.418,3739,462551,716,20211203,00:00,2021-12-12 08:50:09.419,17457487,
188,2021-12-02 19:20:16.0,3705,457607,715,20211202,00:00,2021-12-12 08:50:00.156,17391434,
189,2021-12-01 09:01:08.27,3658,452344,714,20211201,00:00,2021-12-12 08:49:50.763,17329295,
190,2021-11-30 09:02:25.81,3624,447222,713,20211130,00:00,2021-12-12 08:49:40.135,17265258,
191,2021-11-29 09:05:16.736,3580,444191,712,20211129,00:00,2021-12-12 08:49:29.039,17200325,
192,2021-11-28 08:58:53.394,3548,440884,711,20211128,00:00,2021-12-02 09:06:50.152,17158535,
193,2021-11-27 09:32:36.026,3492,436959,710,20211127,00:00,2021-12-02 09:06:37.327,17115754,
194,2021-11-26 09:03:03.973,3440,432892,709,20211126,00:00,2021-12-02 09:06:24.138,17056003,
195,2021-11-25 09:00:47.897,3401,428996,708,20211125,00:00,2021-12-02 09:06:12.94,16998733,
196,2021-11-24 09:08:22.071,3362,425059,707,20211124,00:00,2021-12-02 09:06:01.826,16939923,
197,2021-11-23 08:59:47.863,3328,420946,706,20211123,00:00,2021-11-30 09:06:13.348,16878955,2.7879081456
198,2021-11-22 09:07:45.615,3298,418249,705,20211122,00:00,2021-11-26 09:29:38.144,16816616,2.7782488467
199,2021-11-21 09:05:22.138,3274,415422,704,20211121,00:00,2021-11-26 09:29:24.197,16777679,2.7608226124
200,2021-11-20 08:51:26.319,3244,412302,703,20211120,00:00,2021-11-26 09:28:52.855,16740119,2.7401775942
201,2021-11-19 08:54:43.169,3215,409097,702,20211119,00:00,2021-11-26 09:28:44.079,16684168,2.7234260964
202,2021-11-18 08:34:37.757,3187,406064,701,20211118,00:00,2021-11-23 09:01:10.675,16631273,2.7106180403
203,2021-11-17 08:48:17.282,3158,402772,700,20211117,00:00,2021-11-23 09:01:22.695,16575880,2.6964960387
204,2021-11-16 08:39:32.225,3137,399583,699,20211116,00:00,2021-11-23 09:01:35.496,16525384,2.6803405626
205,2021-11-15 09:35:56.024,3115,397461,698,20211115,00:00,2021-11-23 09:01:48.978,16470969,2.6790554752
206,2021-11-14 09:44:03.248,3103,395457,697,20211114,00:00,2021-11-18 09:08:34.921,16440427,2.6672941166
207,2021-11-13 09:30:57.908,3083,393039,696,20211113,00:00,2021-11-18 09:08:25.526,16408598,2.6527467749
208,2021-11-12 09:27:05.279,3051,390715,695,20211112,00:00,2021-11-18 09:08:13.992,16361028,2.6423856059
209,2021-11-11 09:27:17.639,3033,388347,694,20211111,00:00,2021-11-18 09:08:03.088,16312771,2.6310586971
210,2021-11-10 09:28:27.999,3012,385829,693,20211110,00:00,2021-11-13 09:40:59.266,16261877,2.6177317437
211,2021-11-09 09:24:09.116,2998,383404,692,20211109,00:00,2021-11-13 09:41:17.955,16212870,2.6095236409
212,2021-11-08 09:28:41.663,2980,381687,691,20211108,00:00,2021-11-13 09:42:01.038,16160828,2.6067095314
213,2021-11-07 09:29:07.692,2967,379933,690,20211107,00:00,2021-11-10 09:31:43.446,16130872,2.5963907494
214,2021-11-06 09:37:28.182,2956,377708,689,20211106,00:00,2021-11-10 09:31:27.892,16099185,2.5822658496
215,2021-11-05 09:27:51.19,2936,375462,688,20211105,00:00,2021-11-10 09:31:04.838,16051667,2.5757787802
216,2021-11-04 09:27:32.684,2916,373119,687,20211104,00:00,2021-11-10 09:30:32.046,16001231,2.5668151436
217,2021-11-03 09:28:24.308,2892,370637,686,20211103,00:00,2021-11-10 09:30:45.522,15953526,2.5556917627
218,2021-11-02 09:30:05.194,2874,367970,685,20211102,00:00,2021-11-04 09:31:12.867,15905185,2.5445079716
219,2021-11-01 06:42:25.145,2858,366382,684,20211101,00:00,2021-11-04 09:31:23.547,15849300,2.5398746637
220,2021-10-31 09:17:32.729,2849,364697,683,20211031,00:00,2021-11-04 09:31:44.097,15804062,2.5296141387
221,2021-10-30 09:42:07.803,2830,362636,682,20211030,00:00,2021-11-04 09:31:55.49,15775697,2.5166866619
222,2021-10-29 09:31:17.46,2817,360532,681,20211029,00:00,2021-11-04 09:32:05.724,15730782,2.5085565147
223,2021-10-28 09:33:44.198,2808,358411,680,20211028,00:00,2021-11-01 06:34:15.071,15678186,2.5082902607
224,2021-10-27 10:10:24.763,2797,356300,679,20211027,00:00,2021-10-30 09:44:12.063,15628306,2.5019099621
225,2021-10-26 09:39:33.439,2788,354355,677,20211026,00:00,2021-10-26 19:11:36.585,15579430,2.4932471843
226,2021-10-25 09:45:03.736,2773,353083,676,20211025,00:00,2021-10-30 09:44:54.809,15530472,2.4931384199
227,2021-10-24 09:33:19.08,2766,351893,675,20211024,00:00,2021-10-30 09:45:50.551,15504979,2.4867673642
228,2021-10-23 10:02:54.872,2745,350472,674,20211023,00:00,2021-10-28 09:30:49.899,15481469,2.4782031513
229,2021-10-22 09:40:09.614,2725,348964,673,20211022,00:00,2021-10-28 09:30:42.515,15437382,2.4731308076
230,2021-10-21 09:43:46.67,2709,347526,672,20211021,00:00,2021-10-28 09:30:26.032,15392004,2.4721894162
231,2021-10-20 09:37:29.36,2698,346085,671,20211020,00:00,2021-10-28 09:30:16.686,15344729,2.4685802309
232,2021-10-19 09:37:01.052,2689,344514,670,20211019,00:00,2021-10-28 09:30:04.103,15296830,2.4655589015
233,2021-10-18 09:39:38.125,2668,343441,669,20211018,00:00,2021-10-28 09:29:55.295,15246346,2.4662245130
234,2021-10-17 10:04:43.41,2660,342391,668,20211017,00:00,2021-10-28 09:29:46.068,15220864,2.4617514369
235,2021-10-16 09:35:29.169,2644,340971,667,20211016,00:00,2021-10-28 09:29:35.805,15198187,2.4521548219
236,2021-10-15 09:39:06.702,2626,339354,666,20211015,00:00,2021-10-28 19:13:07.804,15152521,2.4513858745
237,2021-10-14 09:34:17.552,2618,337671,665,20211014,00:00,2021-10-28 09:28:39.581,15106360,2.4451502864
238,2021-10-13 09:35:45.02,2605,335732,664,20211013,00:00,2021-10-28 09:28:28.48,15062412,2.4369827440
239,2021-10-12 10:34:11.074,2594,334149,663,20211012,00:00,2021-10-28 09:28:16.636,15007572,2.4335792555
240,2021-10-11 09:36:36.635,2583,332803,662,20211011,00:00,2021-10-28 09:28:03.328,14977407,2.4253840387
241,2021-10-10 09:40:09.109,2575,331506,661,20211010,00:00,2021-10-28 09:27:46.567,14951646,2.4215310314
242,2021-10-09 09:42:58.176,2560,329912,660,20211009,00:00,2021-10-28 09:27:35.791,14925863,2.4118597481
243,2021-10-08 09:46:59.694,2554,327959,659,20211008,00:00,2021-10-28 09:27:22.408,14882186,2.4027481497
244,2021-10-07 09:48:27.592,2544,325788,658,20211007,00:00,2021-10-28 09:27:02.424,14833965,2.3965178152
245,2021-10-06 09:49:43.197,2536,323363,657,20211006,00:00,2021-10-28 09:26:50.574,14780938,2.3844829530
246,2021-10-05 09:54:11.433,2524,321336,656,20211005,00:00,2021-10-28 09:26:38.781,14731627,2.3797170401
247,2021-10-04 09:50:15.715,2513,319762,655,20211004,00:00,2021-10-28 09:26:15.517,14701211,2.3712389557
248,2021-10-03 10:22:27.003,2507,318092,654,20211003,00:00,2021-10-28 09:26:02.548,14675115,2.3610926678
249,2021-10-02 09:52:30.389,2504,316007,653,20211002,00:00,2021-11-01 06:39:30.832,14644685,2.3468498991
250,2021-10-01 09:57:42.109,2497,313760,652,20211001,00:00,2021-11-01 06:39:17.105,14596211,2.3367517214
251,2021-09-30 09:58:40.205,2481,311276,651,20210930,00:00,2021-11-01 06:39:07.437,14544246,2.3238937994
252,2021-09-29 09:58:03.378,2474,308715,650,20210929,00:00,2021-11-01 06:38:56.4,14485251,2.3128818186
253,2021-09-28 09:57:34.945,2464,305834,649,20210928,00:00,2021-11-01 06:38:31.954,14425565,2.3012044013
254,2021-09-27 10:08:41.366,2456,303546,648,20210927,00:00,2021-11-01 06:38:21.019,14365928,2.2916366729
255,2021-09-26 09:38:04.296,2450,301165,647,20210926,00:00,2021-11-01 06:38:11.541,14325932,2.2765394695
256,2021-09-25 10:49:15.225,2441,298397,646,20210925,00:00,2021-10-27 21:20:33.866,14285337,2.2556083498
257,2021-09-24 09:53:29.116,2434,295127,645,20210924,00:00,2021-10-28 19:03:18.131,14221682,2.2373051937
258,2021-09-23 10:01:14.491,2427,292698,644,20210923,00:00,2021-10-28 19:04:10.216,14151069,2.2315508683
259,2021-09-22 09:35:53.93,2419,290983,643,20210922,00:00,2021-09-29 20:01:46.502,14112435,2.2187986844
260,2021-09-21 09:39:49.437,2413,289263,642,20210921,00:00,2021-09-29 20:03:48.311,14081284,2.2055202395
261,2021-09-20 09:09:41.18,2409,287534,641,20210920,00:00,2021-09-29 20:04:59.469,14050974,2.1953447092
262,2021-09-19 09:31:46.109,2403,285930,640,20210919,00:00,2021-09-29 20:06:48.46,14020498,2.1846289164
263,2021-09-18 09:58:15.323,2394,284021,639,20210918,00:00,2021-10-28 19:15:16.036,13986615,2.1732822659
264,2021-09-17 10:15:01.593,2389,281934,638,20210917,00:00,2021-10-28 19:14:59.754,13938955,2.1657706317
265,2021-09-16 09:51:44.269,2386,279926,637,20210916,00:00,2021-10-28 19:14:42.389,13890499,2.1581912906
266,2021-09-15 09:51:20.667,2380,277984,636,20210915,00:00,2021-10-28 19:14:12.98,13839087,2.1507521063
267,2021-09-14 09:45:02.459,2367,275919,635,20210914,00:00,2021-10-28 19:13:59.622,13790239,2.1429205506
268,2021-09-13 09:40:59.629,2360,274411,634,20210913,00:00,2021-10-28 19:20:08.897,13735740,2.1421622059
269,2021-09-12 09:35:58.19,2359,272978,633,20210912,00:00,2021-10-28 19:21:16.406,13704173,2.1336817950
270,2021-09-11 09:42:37.082,2358,271223,632,20210911,00:00,2021-10-28 19:22:56.574,13665460,2.1238438972
271,2021-09-10 09:40:06.372,2348,269359,631,20210910,00:00,2021-10-28 19:22:17.484,13615055,2.1165404367
272,2021-09-09 09:40:59.551,2343,267466,630,20210909,00:00,2021-10-28 19:38:20.905,13568869,2.1108607132
273,2021-09-08 09:39:50.468,2334,265417,629,20210908,00:00,2021-10-28 19:38:49.98,13519664,2.1029508357
274,2021-09-07 09:39:03.178,2330,263370,628,20210907,00:00,2021-10-28 19:39:14.738,13468412,2.0933234213
275,2021-09-06 09:43:09.889,2327,261773,627,20210906,00:00,2021-10-28 19:39:41.096,13416743,2.0899330761
276,2021-09-05 10:48:36.114,2321,260398,626,20210905,00:00,2021-10-28 19:40:09.375,13382733,2.0818451237
277,2021-09-04 09:41:36.458,2315,258908,624,20210904,00:00,2021-10-28 19:40:31.254,13350356,2.0712936609
278,2021-09-03 09:44:30.979,2308,257105,623,20210903,00:00,2021-10-28 19:40:56.019,13286677,2.0631981163
279,2021-09-02 09:37:25.055,2303,255397,622,20210902,00:00,2021-10-28 19:41:37.871,13223511,2.0590600836
280,2021-09-01 09:37:02.395,2292,253437,621,20210901,00:00,2021-10-28 19:42:08.953,13152140,2.0486112823
281,2021-08-31 00:00:00.0,2285,251413,590,20210831,00:00,2021-10-28 19:43:17.524,13094711,2.0368097463
282,2021-08-30 00:00:00.0,2284,250043,589,20210830,00:00,2021-10-28 19:44:30.053,13049678,2.0357048445
283,2021-08-29 00:00:00.0,2279,248558,588,20210829,00:00,2021-10-28 19:50:42.937,13015921,2.0284939755
284,2021-08-28 00:00:00.0,2276,246939,587,20210828,00:00,2021-10-28 19:51:25.711,12983486,2.0174245601
285,2021-08-27 00:00:00.0,2265,245148,586,20210827,00:00,2021-10-28 19:52:24.206,12927789,2.0078775950
286,2021-08-26 00:00:00.0,2257,243311,585,20210826,00:00,2021-10-28 19:53:00.801,12866797,2.0015386389
287,2021-08-25 00:00:00.0,2237,241429,584,20210825,00:00,2021-10-28 19:53:45.286,12806608,1.9937943791
288,2021-08-24 00:00:00.0,2228,239275,583,20210824,00:00,2021-10-28 19:54:27.094,12749751,1.9837816985
289,2021-08-23 00:00:00.0,2222,237768,582,20210823,00:00,2021-10-28 19:55:03.137,12694018,1.9806118815
290,2021-08-22 00:00:00.0,2215,236351,581,20210822,00:00,2021-10-28 19:55:44.759,12664332,1.9719111271
291,2021-08-21 00:00:00.0,2202,234725,580,20210821,00:00,2021-10-28 19:56:39.865,12632591,1.9618302101
292,2021-08-20 00:00:00.0,2197,232938,579,20210820,00:00,2021-10-28 19:57:43.769,12567090,1.9562292672
293,2021-08-19 00:00:00.0,2191,230798,578,20210819,00:00,2021-10-28 19:58:28.318,12518695,1.9450436142
294,2021-08-18 00:00:00.0,2178,228646,577,20210818,00:00,2021-10-28 20:16:22.884,12461676,1.9332627544
295,2021-08-17 00:00:00.0,2173,226843,576,20210817,00:00,2021-10-28 20:17:26.816,12404969,1.8771729143
296,2021-08-16 00:00:00.0,2167,225471,575,20210816,00:00,2021-10-28 20:18:00.209,12372769,1.9144144144
297,2021-08-15 00:00:00.0,2156,223917,574,20210815,00:00,2021-10-28 20:19:10.498,12344711,1.9041241268
298,2021-08-14 00:00:00.0,2148,222101,573,20210814,00:00,2021-10-28 20:19:59.1,12309273,1.8907735433
299,2021-08-13 00:00:00.0,2144,220173,572,20210813,00:00,2021-10-28 20:20:39.71,12257959,1.8788618674
300,2021-08-12 00:00:00.0,2138,218184,571,20210812,00:00,2021-10-28 20:25:41.348,12207035,1.8653085221
301,2021-08-11 00:00:00.0,2135,216197,570,20210811,00:00,2021-10-28 20:26:29.769,12156192,1.8528855321
302,2021-08-10 00:00:00.0,2134,213976,569,20210810,00:00,2021-10-28 20:27:07.024,12112079,1.8373099383
303,2021-08-09 00:00:00.0,2125,212439,568,20210809,00:00,2021-10-28 20:27:36.514,12057824,1.8329008458
304,2021-08-08 00:00:00.0,2121,210948,567,20210808,00:00,2021-10-28 20:31:36.737,12027437,1.8246269102
305,2021-08-07 00:00:00.000,2116,209221,566,20210807,00:00,2021-10-07 10:30:51.51,11995923,1.811282604
306,2021-08-06 00:00:00.000,2113,207398,565,20210806,00:00,2021-10-07 10:30:51.51,11951646,1.799611891
307,2021-08-05 00:00:00.000,2109,205694,564,20210805,00:00,2021-10-07 10:30:51.51,11908430,1.789742069
308,2021-08-04 00:00:00.000,2106,203919,563,20210804,00:00,2021-10-07 10:30:51.51,11864240,1.77841233
309,2021-08-03 00:00:00.000,2104,202194,562,20210803,00:00,2021-10-07 10:30:51.51,11820011,1.765622622
310,2021-08-02 00:00:00.000,2099,200994,561,20210802,00:00,2021-10-07 10:30:51.51,11772599,1.765361674
311,2021-08-01 00:00:00.000,2098,199776,560,20210801,00:00,2021-10-07 10:30:51.51,11751780,1.756553576
312,2021-07-31 00:00:00.000,2095,198334,559,20210731,00:00,2021-10-07 10:30:51.51,11728815,1.745957213
313,2021-07-30 00:00:00.000,2089,196796,558,20210730,00:00,2021-10-07 10:30:51.51,11682962,1.737598412
314,2021-07-29 00:00:00.000,2085,195086,557,20210729,00:00,2021-10-07 10:30:51.51,11637500,1.727162415
315,2021-07-28 00:00:00.000,2083,193413,556,20210728,00:00,2021-10-07 10:30:51.51,11585607,1.717447696
316,2021-07-27 00:00:00.000,2079,191518,555,20210727,00:00,2021-10-07 10:30:51.51,11528602,1.707057587
317,2021-07-26 00:00:00.000,2077,190155,554,20210726,00:00,2021-10-07 10:30:51.51,11472339,1.699126896
318,2021-07-25 00:00:00.000,2073,188837,553,20210725,00:00,2021-10-07 10:30:51.51,11453340,1.689275533
319,2021-07-24 00:00:00.000,2068,187350,552,20210724,00:00,2021-10-07 10:30:51.51,11430518,1.67939231
320,2021-07-23 00:00:00.000,2066,185723,551,20210723,00:00,2021-10-07 10:30:51.51,11388299,1.671630834
321,2021-07-22 00:00:00.000,2063,184094,550,20210722,00:00,2021-10-07 10:30:51.51,11343913,1.662335814
322,2021-07-21 00:00:00.000,2060,182253,549,20210721,00:00,2021-10-07 10:30:51.51,11298669,1.649873688
323,2021-07-20 00:00:00.000,2059,180472,548,20210720,00:00,2021-10-07 10:30:51.51,11251982,1.639564831
324,2021-07-19 00:00:00.000,2058,179194,547,20210719,00:00,2021-10-07 10:30:51.51,11202429,1.634722225
325,2021-07-18 00:00:00.000,2057,177943,546,20210718,00:00,2021-10-07 10:30:51.51,11175977,1.630927675
326,2021-07-17 00:00:00.000,2055,176490,545,20210717,00:00,2021-10-07 10:30:51.51,11149223,1.615973942
327,2021-07-16 00:00:00.000,2051,175041,544,20210716,00:00,2021-10-07 10:30:51.51,11108582,1.60729781
328,2021-07-15 00:00:00.000,2050,173506,543,20210715,00:00,2021-10-07 10:30:51.51,11060454,1.598253496
329,2021-07-14 00:00:00.000,2048,171907,542,20210714,00:00,2021-10-07 10:30:51.51,11008857,1.587769115
330,2021-07-13 00:00:00.000,2046,170294,541,20210713,00:00,2021-10-07 10:30:51.51,10964297,1.578964888
331,2021-07-12 00:00:00.000,2044,169144,540,20210712,00:00,2021-10-07 10:30:51.51,10919896,1.574131766
332,2021-07-11 00:00:00.000,2043,168044,539,20210711,00:00,2021-10-07 10:30:51.51,10902276,1.566666486
333,2021-07-10 00:00:00.000,2038,166720,538,20210710,00:00,2021-10-07 10:30:51.51,10881638,1.556397131
334,2021-07-09 00:00:00.000,2036,165342,537,20210709,00:00,2021-10-07 10:30:51.51,10844215,1.547603102
335,2021-07-08 00:00:00.000,2034,164026,536,20210708,00:00,2021-10-07 10:30:51.51,10802780,1.539915705
336,2021-07-07 00:00:00.000,2033,162751,535,20210707,00:00,2021-10-07 10:30:51.51,10766500,1.531954059
337,2021-07-06 00:00:00.000,2032,161540,534,20210706,00:00,2021-10-07 10:30:51.51,10735715,1.52482307
338,2021-07-05 00:00:00.000,2028,160794,533,20210705,00:00,2021-10-07 10:30:51.51,10700133,1.521915262
339,2021-07-04 00:00:00.000,2026,160083,532,20210704,00:00,2021-10-07 10:30:51.51,10685124,1.517543135
340,2021-07-03 00:00:00.000,2025,159340,531,20210703,00:00,2021-10-07 10:30:51.51,10670616,1.512237172
341,2021-07-02 00:00:00.000,2024,158546,530,20210702,00:00,2021-10-07 10:30:51.51,10641601,1.508391023
342,2021-07-01 00:00:00.000,2021,157721,529,20210701,00:00,2021-10-07 10:30:51.51,10614315,1.503624138
343,2021-06-30 00:00:00.000,2018,156960,528,20210630,00:00,2021-10-07 10:30:51.51,10579071,1.499862255
344,2021-06-29 00:00:00.000,2017,156166,527,20210629,00:00,2021-10-07 10:30:51.51,10555740,1.496003116
345,2021-06-28 00:00:00.000,2015,155571,526,20210628,00:00,2021-10-07 10:30:51.51,10520928,1.495000281
346,2021-06-27 00:00:00.000,2013,155070,525,20210627,00:00,2021-10-07 10:30:51.51,10508677,1.492162323
347,2021-06-26 00:00:00.000,2012,154456,524,20210626,00:00,2021-10-07 10:30:51.51,10495515,1.487880387
348,2021-06-25 00:00:00.000,2009,153788,523,20210625,00:00,2021-10-07 10:30:51.51,10466544,1.486685106
349,2021-06-24 00:00:00.000,2008,153154,522,20210624,00:00,2021-10-07 10:30:51.51,10438781,1.484365384
350,2021-06-23 00:00:00.000,2007,152544,521,20210623,00:00,2021-10-07 10:30:51.51,10409948,1.483868388
351,2021-06-22 00:00:00.000,2006,151899,520,20210622,00:00,2021-10-07 10:30:51.51,10380042,1.481520134
352,2021-06-21 00:00:00.000,2004,151505,519,20210621,00:00,2021-10-07 10:30:51.51,10346046,1.48278272
353,2021-06-20 00:00:00.000,2002,151148,518,20210620,00:00,2021-10-07 10:30:51.51,10335633,1.481179366
354,2021-06-19 00:00:00.000,1997,150719,517,20210619,00:00,2021-10-07 10:30:51.51,10323153,1.478444312
355,2021-06-18 00:00:00.000,1996,150237,516,20210618,00:00,2021-10-07 10:30:51.51,10294047,1.477516692
356,2021-06-17 00:00:00.000,1994,149730,515,20210617,00:00,2021-10-07 10:30:51.51,10257835,1.477134747
357,2021-06-16 00:00:00.000,1993,149190,514,20210616,00:00,2021-10-07 10:30:51.51,10229383,1.475577311
358,2021-06-15 00:00:00.000,1992,148645,513,20210615,00:00,2021-10-07 10:30:51.51,10196468,1.475706268
359,2021-06-14 00:00:00.000,1988,148272,512,20210614,00:00,2021-10-07 10:30:51.51,10165496,1.476508035
360,2021-06-13 00:00:00.000,1985,147873,511,20210613,00:00,2021-10-07 10:30:51.51,10152906,1.474543917
361,2021-06-12 00:00:00.000,1982,147421,510,20210612,00:00,2021-10-07 10:30:51.51,10140534,1.47151213
362,2021-06-11 00:00:00.000,1981,146856,509,20210611,00:00,2021-10-07 10:30:51.51,10111063,1.471899741
363,2021-06-10 00:00:00.000,1979,146300,508,20210610,00:00,2021-10-07 10:30:51.51,10076861,1.470864122
364,2021-06-09 00:00:00.000,1977,145690,507,20210609,00:00,2021-10-07 10:30:51.51,10044782,1.469633196
365,2021-06-08 00:00:00.000,1975,145088,506,20210608,00:00,2021-10-07 10:30:51.51,10008582,1.470090853
366,2021-06-07 00:00:00.000,1974,144634,505,20210607,00:00,2021-10-07 10:30:51.51,9972295,1.470490004
367,2021-06-06 00:00:00.000,1973,144149,504,20210606,00:00,2021-10-07 10:30:51.51,9959695,1.467429756
368,2021-06-05 00:00:00.000,1971,143593,503,20210605,00:00,2021-10-07 10:30:51.51,9945952,1.463921944
369,2021-06-04 00:00:00.000,1969,142849,502,20210604,00:00,2021-10-07 10:30:51.51,9911322,1.461000475
370,2021-06-03 00:00:00.000,1968,142154,501,20210603,00:00,2021-10-07 10:30:51.51,9872322,1.459112138
371,2021-06-02 00:00:00.000,1965,141473,500,20210602,00:00,2021-10-07 10:30:51.51,9834348,1.457668392
372,2021-06-01 00:00:00.000,1963,140796,499,20210601,00:00,2021-10-07 10:30:51.51,9798400,1.455889634
373,2021-05-30 00:00:00.0,1959,140337,498,20210531,00:00,2021-10-14 13:48:56.821,9761156,1.4568051768
374,2021-05-30 00:00:00.000,1957,139907,497,20210530,00:00,2021-10-07 10:30:51.51,9747612,1.454165571
375,2021-05-29 00:00:00.000,1951,139427,496,20210529,00:00,2021-10-07 10:30:51.51,9733588,1.450883775
376,2021-05-28 00:00:00.000,1946,138894,495,20210528,00:00,2021-10-07 10:30:51.51,9702453,1.449896399
377,2021-05-27 00:00:00.000,1943,138307,494,20210527,00:00,2021-10-07 10:30:51.51,9665690,1.449298446
378,2021-05-26 00:00:00.000,1940,137678,493,20210526,00:00,2021-10-07 10:30:51.51,9629455,1.447963934
379,2021-05-25 00:00:00.000,1938,136973,492,20210525,00:00,2021-10-07 10:30:51.51,9592726,1.445529521
380,2021-05-24 00:00:00.000,1934,136457,491,20210524,00:00,2021-10-07 10:30:51.51,9553612,1.446605861
381,2021-05-23 00:00:00.000,1931,135927,490,20210523,00:00,2021-10-07 10:30:51.51,9536298,1.443871791
382,2021-05-22 00:00:00.000,1926,135342,489,20210522,00:00,2021-10-07 10:30:51.51,9520965,1.439286846
383,2021-05-21 00:00:00.000,1922,134676,488,20210521,00:00,2021-10-07 10:30:51.51,9487107,1.4368562
384,2021-05-20 00:00:00.000,1916,134115,487,20210520,00:00,2021-10-07 10:30:51.51,9447357,1.436153877
385,2021-05-19 00:00:00.000,1912,133469,486,20210519,00:00,2021-10-07 10:30:51.51,9428643,1.431433582
386,2021-05-18 00:00:00.000,1904,132815,485,20210518,00:00,2021-10-07 10:30:51.51,9395003,1.429410897
387,2021-05-17 00:00:00.000,1903,132287,484,20210517,00:00,2021-10-07 10:30:51.51,9353299,1.429898627
388,2021-05-16 00:00:00.000,1900,131668,483,20210516,00:00,2021-10-07 10:30:51.51,9336613,1.425757584
389,2021-05-15 00:00:00.000,1896,131058,482,20210515,00:00,2021-10-07 10:30:51.51,9319093,1.421472325
390,2021-05-14 00:00:00.000,1893,130377,481,20210514,00:00,2021-10-07 10:30:51.51,9281290,1.419288441
391,2021-05-13 00:00:00.000,1891,129630,480,20210513,00:00,2021-10-07 10:30:51.51,9241152,1.416158717
392,2021-05-12 00:00:00.000,1884,128915,479,20210512,00:00,2021-10-07 10:30:51.51,9201538,1.413966632
393,2021-05-11 00:00:00.000,1879,128281,478,20210511,00:00,2021-10-07 10:30:51.51,9164283,1.412840025
394,2021-05-10 00:00:00.000,1875,127771,477,20210510,00:00,2021-10-07 10:30:51.51,9122058,1.413605557
395,2021-05-09 00:00:00.000,1874,127308,476,20210509,00:00,2021-10-07 10:30:51.51,9105770,1.410694676
396,2021-05-08 00:00:00.000,1865,126744,475,20210508,00:00,2021-10-07 10:30:51.51,9089165,1.406562226
397,2021-05-07 00:00:00.000,1860,126043,474,20210507,00:00,2021-10-07 10:30:51.51,9051353,1.404776863
398,2021-05-06 00:00:00.000,1851,125518,473,20210506,00:00,2021-10-07 10:30:51.51,9010991,1.404957457
399,2021-05-05 00:00:00.000,1847,124944,472,20210505,00:00,2021-10-07 10:30:51.51,8994068,1.401491609
400,2021-05-04 00:00:00.000,1840,124268,471,20210504,00:00,2021-10-07 10:30:51.51,8957154,1.399562882
401,2021-05-03 00:00:00.000,1834,123727,470,20210503,00:00,2021-10-07 10:30:51.51,8915325,1.401798692
402,2021-05-02 00:00:00.000,1833,123239,469,20210502,00:00,2021-10-07 10:30:51.51,8898233,1.398595447
403,2021-05-01 00:00:00.000,1831,122633,468,20210501,00:00,2021-10-07 10:30:51.51,8883387,1.393845883
404,2021-04-30 00:00:00.000,1828,122006,467,20210430,00:00,2021-10-07 10:30:51.51,8848291,1.391844194
405,2021-04-29 00:00:00.000,1825,121345,466,20210429,00:00,2021-10-07 10:30:51.51,8805778,1.390712113
406,2021-04-28 00:00:00.000,1821,120666,465,20210428,00:00,2021-10-07 10:30:51.51,8766496,1.388668632
407,2021-04-27 00:00:00.000,1820,119897,464,20210427,00:00,2021-10-07 10:30:51.51,8721608,1.386878116
408,2021-04-26 00:00:00.000,1817,119385,463,20210426,00:00,2021-10-07 10:30:51.51,8672977,1.389022528
409,2021-04-25 00:00:00.000,1813,118886,462,20210425,00:00,2021-10-07 10:30:51.51,8654790,1.386065198
410,2021-04-24 00:00:00.000,1812,118242,461,20210424,00:00,2021-10-07 10:30:51.51,8632922,1.382195163
411,2021-04-23 00:00:00.000,1811,117457,460,20210423,00:00,2021-10-07 10:30:51.51,8583529,1.374796777
412,2021-04-22 00:00:00.000,1808,116660,459,20210422,00:00,2021-10-07 10:30:51.51,8537504,1.377272408
413,2021-04-21 00:00:00.000,1806,115925,458,20210421,00:00,2021-10-07 10:30:51.51,8497593,1.375085969
414,2021-04-20 00:00:00.000,1802,115194,457,20210420,00:00,2021-10-07 10:30:51.51,8458591,1.372664279
415,2021-04-19 00:00:00.000,1801,114645,456,20210419,00:00,2021-10-07 10:30:51.51,8414820,1.373971918
416,2021-04-18 00:00:00.000,1797,114113,455,20210418,00:00,2021-10-07 10:30:51.51,8396065,1.37091215
417,2021-04-17 00:00:00.000,1794,113442,454,20210417,00:00,2021-10-07 10:30:51.51,8377778,1.365662265
418,2021-04-16 00:00:00.000,1790,112784,453,20210416,00:00,2021-10-07 10:30:51.51,8333331,1.365019181
419,2021-04-15 00:00:00.000,1788,112111,452,20210415,00:00,2021-10-07 10:30:51.51,8291124,1.363730967
420,2021-04-14 00:00:00.000,1782,111413,451,20210414,00:00,2021-10-07 10:30:51.51,8245386,1.363557535
421,2021-04-13 00:00:00.000,1775,110682,450,20210413,00:00,2021-10-07 10:30:51.51,8200517,1.36392993
422,2021-04-12 00:00:00.000,1770,110140,449,20210412,00:00,2021-10-07 10:30:51.51,8152781,1.366919627
423,2021-04-11 00:00:00.000,1768,109553,448,20210411,00:00,2021-10-07 10:30:51.51,8129530,1.363002809
424,2021-04-10 00:00:00.000,1765,108939,447,20210410,00:00,2021-10-07 10:30:51.51,8106628,1.358915373
425,2021-04-09 00:00:00.000,1764,108262,446,20210409,00:00,2021-10-07 10:30:51.51,8059111,1.357143027
426,2021-04-08 00:00:00.000,1758,107591,445,20210408,00:00,2021-10-07 10:30:51.51,8012419,1.356002483
427,2021-04-07 00:00:00.000,1756,106891,444,20210407,00:00,2021-10-07 10:30:51.51,7966165,1.354504067
428,2021-04-06 00:00:00.000,1752,106223,443,20210406,00:00,2021-10-07 10:30:51.51,7921288,1.354516686
429,2021-04-05 00:00:00.000,1748,105746,442,20210405,00:00,2021-10-07 10:30:51.51,7868818,1.35775092
430,2021-04-04 00:00:00.000,1744,105273,441,20210404,00:00,2021-10-07 10:30:51.51,7849474,1.354921538
431,2021-04-03 00:00:00.000,1740,104730,440,20210403,00:00,2021-10-07 10:30:51.51,7829599,1.350603555
432,2021-04-02 00:00:00.000,1737,104187,439,20210402,00:00,2021-10-07 10:30:51.51,7788293,1.350002546
433,2021-04-01 00:00:00.000,1735,103630,438,20210401,00:00,2021-10-07 10:30:51.51,7747301,1.349060526
434,2021-03-31 00:00:00.000,1731,103079,437,20210331,00:00,2021-10-07 10:30:51.51,7707798,1.349820651
435,2021-03-30 00:00:00.000,1729,102573,436,20210330,00:00,2021-10-07 10:30:51.51,7663997,1.352211626
436,2021-03-29 00:00:00.000,1726,102126,435,20210329,00:00,2021-10-07 10:30:51.51,7616328,1.354925246
437,2021-03-28 00:00:00.000,1722,101744,434,20210328,00:00,2021-10-07 10:30:51.51,7595594,1.353520672
438,2021-03-27 00:00:00.000,1721,101262,433,20210327,00:00,2021-10-07 10:30:51.51,7572566,1.350629659
439,2021-03-26 00:00:00.000,1716,100757,432,20210326,00:00,2021-10-07 10:30:51.51,7529401,1.35208143
440,2021-03-25 00:00:00.000,1709,100268,431,20210325,00:00,2021-10-07 10:30:51.51,7485858,1.355178997
441,2021-03-24 00:00:00.000,1707,99838,430,20210324,00:00,2021-10-07 10:30:51.51,7441209,1.358916428
442,2021-03-23 00:00:00.000,1704,99410,429,20210323,00:00,2021-10-07 10:30:51.51,7400989,1.361628431
443,2021-03-22 00:00:00.000,1697,99064,428,20210322,00:00,2021-10-07 10:30:51.51,7355963,1.365866653
444,2021-03-21 00:00:00.000,1696,98649,427,20210321,00:00,2021-10-07 10:30:51.51,7332713,1.363609032
445,2021-03-20 00:00:00.000,1693,98193,426,20210320,00:00,2021-10-07 10:30:51.51,7308949,1.36078075
446,2021-03-19 00:00:00.000,1690,97746,425,20210319,00:00,2021-10-07 10:30:51.51,7264940,1.362010055
447,2021-03-18 00:00:00.000,1688,97283,424,20210318,00:00,2021-10-07 10:30:51.51,7218086,1.364731094
448,2021-03-17 00:00:00.000,1686,96838,423,20210317,00:00,2021-10-07 10:30:51.51,7171509,1.366215546
449,2021-03-16 00:00:00.000,1678,96369,422,20210316,00:00,2021-10-07 10:30:51.51,7126076,1.367317856
450,2021-03-15 00:00:00.000,1675,96006,421,20210315,00:00,2021-10-07 10:30:51.51,7084939,1.368903786
451,2021-03-14 00:00:00.000,1669,95627,420,20210314,00:00,2021-10-07 10:30:51.51,7066400,1.366772257
452,2021-03-13 00:00:00.000,1667,95168,419,20210313,00:00,2021-10-07 10:30:51.51,7046781,1.36365193
453,2021-03-12 00:00:00.000,1662,94678,418,20210312,00:00,2021-10-07 10:30:51.51,7012663,1.363465187
454,2021-03-11 00:00:00.000,1652,94190,417,20210311,00:00,2021-10-07 10:30:51.51,6976984,1.363346349
455,2021-03-10 00:00:00.000,1648,93725,416,20210310,00:00,2021-10-07 10:30:51.51,6938883,1.364541999
456,2021-03-09 00:00:00.000,1645,93255,415,20210309,00:00,2021-10-07 10:30:51.51,6902983,1.364877361
457,2021-03-08 00:00:00.000,1642,92809,414,20210308,00:00,2021-10-07 10:30:51.51,6861808,1.365960332
458,2021-03-07 00:00:00.000,1634,92463,413,20210307,00:00,2021-10-07 10:30:51.51,6843125,1.364419324
459,2021-03-06 00:00:00.000,1632,92047,412,20210306,00:00,2021-10-07 10:30:51.51,6821942,1.362292728
460,2021-03-05 00:00:00.000,1627,91629,411,20210305,00:00,2021-10-07 10:30:51.51,6789010,1.362451625
461,2021-03-04 00:00:00.000,1619,91231,410,20210304,00:00,2021-10-07 10:30:51.51,6751899,1.363323226
462,2021-03-03 00:00:00.000,1612,90807,409,20210303,00:00,2021-10-07 10:30:51.51,6716202,1.365450011
463,2021-03-02 00:00:00.000,1606,90363,408,20210302,00:00,2021-10-07 10:30:51.51,6681975,1.367366453
464,2021-03-01 00:00:00.000,1605,90019,407,20210301,00:00,2021-10-07 10:30:51.51,6665754,1.365577626
465,2021-02-28 00:00:00.000,1603,89664,406,20210228,00:00,2021-10-07 10:30:51.51,6649005,1.363479598
466,2021-02-27 00:00:00.000,1595,89309,405,20210227,00:00,2021-10-07 10:30:51.51,6627214,1.361786154
467,2021-02-26 00:00:00.000,1585,88894,404,20210226,00:00,2021-10-07 10:30:51.51,6590065,1.363170117
468,2021-02-25 00:00:00.000,1581,88507,403,20210225,00:00,2021-10-07 10:30:51.51,6551213,1.365313386
469,2021-02-24 00:00:00.000,1576,88112,402,20210224,00:00,2021-10-07 10:30:51.51,6510987,1.369049312
470,2021-02-23 00:00:00.000,1573,87672,401,20210223,00:00,2021-10-07 10:30:51.51,6472678,1.370171942
471,2021-02-22 00:00:00.000,1562,87316,400,20210222,00:00,2021-10-07 10:30:51.51,6429143,1.373609691
472,2021-02-21 00:00:00.000,1557,86984,399,20210221,00:00,2021-10-07 10:30:51.51,6411339,1.372424003
473,2021-02-20 00:00:00.000,1553,86568,398,20210220,00:00,2021-10-07 10:30:51.51,6390630,1.37094142
474,2021-02-19 00:00:00.000,1550,86120,397,20210219,00:00,2021-10-07 10:30:51.51,6345991,1.372457619
475,2021-02-18 00:00:00.000,1544,85559,396,20210218,00:00,2021-10-07 10:30:51.51,6303213,1.372789348
476,2021-02-17 00:00:00.000,1538,84938,395,20210217,00:00,2021-10-07 10:30:51.51,6260566,1.372589831
477,2021-02-16 00:00:00.000,1534,84317,394,20210216,00:00,2021-10-07 10:30:51.51,6213489,1.374003682
478,2021-02-15 00:00:00.000,1527,83860,393,20210215,00:00,2021-10-07 10:30:51.51,6162859,1.378661134
479,2021-02-14 00:00:00.000,1522,83517,392,20210214,00:00,2021-10-07 10:30:51.51,6140085,1.377739762
480,2021-02-13 00:00:00.000,1514,83191,391,20210213,00:00,2021-10-07 10:30:51.51,6115336,1.376175852
481,2021-02-12 00:00:00.000,1507,82829,390,20210212,00:00,2021-10-07 10:30:51.51,6093368,1.377611702
482,2021-02-11 00:00:00.000,1496,82426,389,20210211,00:00,2021-10-07 10:30:51.51,6070007,1.376429369
483,2021-02-10 00:00:00.000,1486,81922,388,20210210,00:00,2021-10-07 10:30:51.51,6030022,1.376852832
484,2021-02-09 00:00:00.000,1482,81478,387,20210209,00:00,2021-10-07 10:30:51.51,5987404,1.379866528
485,2021-02-08 00:00:00.000,1474,81175,386,20210208,00:00,2021-10-07 10:30:51.51,5938195,1.386812206
486,2021-02-07 00:00:00.000,1471,80887,385,20210207,00:00,2021-10-07 10:30:51.51,5916974,1.388326537
487,2021-02-06 00:00:00.000,1464,80516,384,20210206,00:00,2021-10-07 10:30:51.51,5893352,1.389242841
488,2021-02-05 00:00:00.000,1459,80126,383,20210205,00:00,2021-10-07 10:30:51.51,5847177,1.395991442
489,2021-02-04 00:00:00.000,1448,79756,382,20210204,00:00,2021-10-07 10:30:51.51,5803094,1.403523344
490,2021-02-03 00:00:00.000,1441,79305,381,20210203,00:00,2021-10-07 10:30:51.51,5756713,1.411657527
491,2021-02-02 00:00:00.000,1435,78838,380,20210202,00:00,2021-10-07 10:30:51.51,5711412,1.418677606
492,2021-02-01 00:00:00.000,1425,78502,379,20210201,00:00,2021-10-07 10:30:51.51,5661841,1.424102272
493,2021-01-31 00:00:00.000,1420,78197,378,20210131,00:00,2021-10-07 10:30:51.51,5640817,1.424024729
494,2021-01-30 00:00:00.000,1414,77843,377,20210130,00:00,2021-10-07 10:30:51.51,5616527,1.422899166
495,2021-01-29 00:00:00.000,1399,77387,376,20210129,00:00,2021-10-07 10:30:51.51,5569261,1.426092065
496,2021-01-28 00:00:00.000,1386,76918,375,20210128,00:00,2021-10-07 10:30:51.51,5522186,1.428968994
497,2021-01-27 00:00:00.000,1378,76421,374,20210127,00:00,2021-10-07 10:30:51.51,5469244,1.433570126
498,2021-01-26 00:00:00.000,1371,75862,373,20210126,00:00,2021-10-07 10:30:51.51,5422760,1.435655706
499,2021-01-25 00:00:00.000,1360,75513,372,20210125,00:00,2021-10-07 10:30:51.51,5376083,1.440666034
500,2021-01-24 00:00:00.000,1349,75076,371,20210124,00:00,2021-10-07 10:30:51.51,5354346,1.438628623
501,2021-01-23 00:00:00.000,1337,74684,370,20210123,00:00,2021-10-07 10:30:51.51,5329704,1.438145992
502,2021-01-22 00:00:00.000,1328,74253,369,20210122,00:00,2021-10-07 10:30:51.51,5282220,1.442061196
503,2021-01-21 00:00:00.000,1316,73907,368,20210121,00:00,2021-10-07 10:30:51.51,5237602,1.45014296
504,2021-01-20 00:00:00.000,1300,73507,367,20210120,00:00,2021-10-07 10:30:51.51,5192124,1.457320534
505,2021-01-19 00:00:00.000,1283,73103,366,20210119,00:00,2021-10-07 10:30:51.51,5140320,1.466172614
506,2021-01-18 00:00:00.000,1264,72717,365,20210118,00:00,2021-10-07 10:30:51.51,5087214,1.475235531
507,2021-01-17 00:00:00.000,1249,72328,364,20210117,00:00,2021-10-07 10:30:51.51,5061284,1.475509797
508,2021-01-16 00:00:00.000,1236,71808,363,20210116,00:00,2021-10-07 10:30:51.51,5032264,1.472493784
509,2021-01-15 00:00:00.000,1217,71228,362,20210115,00:00,2021-10-07 10:30:51.51,4978068,1.479065025
510,2021-01-14 00:00:00.000,1195,70716,361,20210114,00:00,2021-10-07 10:30:51.51,4925353,1.487001355
511,2021-01-13 00:00:00.000,1185,70192,360,20210113,00:00,2021-10-07 10:30:51.51,4872306,1.496825175
512,2021-01-12 00:00:00.000,1165,69631,359,20210112,00:00,2021-10-07 10:30:51.51,4814079,1.504783882
513,2021-01-11 00:00:00.000,1140,69094,358,20210111,00:00,2021-10-07 10:30:51.51,4751679,1.514582908
514,2021-01-10 00:00:00.000,1125,68643,357,20210110,00:00,2021-10-07 10:30:51.51,4723457,1.5146283
515,2021-01-09 00:00:00.000,1100,67986,356,20210109,00:00,2021-10-07 10:30:51.51,4689610,1.509563165
516,2021-01-08 00:00:00.000,1081,67345,355,20210108,00:00,2021-10-07 10:30:51.51,4629998,1.516934389
517,2021-01-07 00:00:00.000,1046,66671,354,20210107,00:00,2021-10-07 10:30:51.51,4569802,1.522850408
518,2021-01-06 00:00:00.000,1027,65802,353,20210106,00:00,2021-10-07 10:30:51.51,4504860,1.525745123
519,2021-01-05 00:00:00.000,1007,64964,352,20210105,00:00,2021-10-07 10:30:51.51,4439354,1.530147779
520,2021-01-04 00:00:00.000,981,64250,351,20210104,00:00,2021-10-07 10:30:51.51,4376602,1.534925834
521,2021-01-03 00:00:00.000,962,63230,350,20210103,00:00,2021-10-07 10:30:51.51,4340832,1.522015425
522,2021-01-02 00:00:00.000,942,62573,349,20210102,00:00,2021-10-07 10:30:51.51,4302792,1.517507982
523,2021-01-01 00:00:00.000,917,61753,348,20210101,00:00,2021-10-07 10:30:51.51,4269312,1.508973374
524,2020-12-31 00:00:00.000,900,60726,347,20201231,00:00,2021-10-07 10:30:51.51,4213874,1.501804361
525,2020-12-30 00:00:00.000,879,59759,346,20201230,00:00,2021-10-07 10:30:51.51,4159516,1.498566232
526,2020-12-29 00:00:00.000,859,58709,345,20201229,00:00,2021-10-07 10:30:51.51,4098173,1.494928589
527,2020-12-28 00:00:00.000,819,57665,344,20201228,00:00,2021-10-07 10:30:51.51,4038300,1.490659499
528,2020-12-27 00:00:00.000,808,56859,343,20201227,00:00,2021-10-07 10:30:51.51,4006406,1.48092295
529,2020-12-26 00:00:00.000,793,55889,342,20201226,00:00,2021-10-07 10:30:51.51,3969409,1.465980589
530,2020-12-25 00:00:00.000,773,54758,341,20201225,00:00,2021-10-07 10:30:51.51,3939352,1.447642776
531,2020-12-24 00:00:00.000,756,53518,340,20201224,00:00,2021-10-07 10:30:51.51,3882205,1.434156057
532,2020-12-23 00:00:00.000,739,52533,339,20201223,00:00,2021-10-07 10:30:51.51,3826565,1.430070212
533,2020-12-22 00:00:00.000,722,51443,338,20201222,00:00,2021-10-07 10:30:51.51,3772425,1.420568769
534,2020-12-21 00:00:00.000,698,50577,337,20201221,00:00,2021-10-07 10:30:51.51,3713856,1.417748074
535,2020-12-20 00:00:00.000,674,49653,336,20201220,00:00,2021-10-07 10:30:51.51,3683091,1.401195841
536,2020-12-19 00:00:00.000,659,48557,335,20201219,00:00,2021-10-07 10:30:51.51,3646245,1.379455525
537,2020-12-18 00:00:00.000,645,47512,334,20201218,00:00,2021-10-07 10:30:51.51,3589795,1.365610315
538,2020-12-17 00:00:00.000,634,46448,333,20201217,00:00,2021-10-07 10:30:51.51,3538838,1.350397432
539,2020-12-16 00:00:00.000,612,45434,332,20201216,00:00,2021-10-07 10:30:51.51,3488767,1.338663158
540,2020-12-15 00:00:00.000,600,44356,331,20201215,00:00,2021-10-07 10:30:51.51,3441218,1.324951572
541,2020-12-14 00:00:00.000,587,43476,330,20201214,00:00,2021-10-07 10:30:51.51,3397037,1.314351878
542,2020-12-13 00:00:00.000,580,42758,329,20201213,00:00,2021-10-07 10:30:51.51,3374593,1.301825015
543,2020-12-12 00:00:00.000,578,41728,328,20201212,00:00,2021-10-07 10:30:51.51,3349862,1.278776141
544,2020-12-11 00:00:00.000,572,40778,327,20201211,00:00,2021-10-07 10:30:51.51,3311211,1.261101282
545,2020-12-10 00:00:00.000,564,40089,326,20201210,00:00,2021-10-07 10:30:51.51,3277946,1.250755807
546,2020-12-09 00:00:00.000,556,39409,325,20201209,00:00,2021-10-07 10:30:51.51,3253219,1.238519208
547,2020-12-08 00:00:00.000,552,38739,324,20201208,00:00,2021-10-07 10:30:51.51,3221316,1.231280807
548,2020-12-07 00:00:00.000,549,38152,323,20201207,00:00,2021-10-07 10:30:51.51,3209367,1.214506979
549,2020-12-06 00:00:00.000,545,37537,322,20201206,00:00,2021-10-07 10:30:51.51,3194858,1.200361224
550,2020-12-05 00:00:00.000,540,36906,321,20201205,00:00,2021-10-07 10:30:51.51,3180487,1.185080052
551,2020-12-04 00:00:00.000,536,36329,320,20201204,00:00,2021-10-07 10:30:51.51,3157407,1.174407365
552,2020-12-03 00:00:00.000,529,35701,319,20201203,00:00,2021-10-07 10:30:51.51,3131884,1.164379719
553,2020-12-02 00:00:00.000,526,35161,318,20201202,00:00,2021-10-07 10:30:51.51,3106968,1.155922091
554,2020-12-01 00:00:00.000,526,34650,317,20201201,00:00,2021-10-07 10:30:51.51,3083995,1.147691881
555,2020-11-30 00:00:00.000,526,34199,316,20201130,00:00,2021-10-07 10:30:51.51,3061170,1.140801353
556,2020-11-29 00:00:00.000,523,33761,315,20201129,00:00,2021-10-07 10:30:51.51,3046908,1.131370852
557,2020-11-28 00:00:00.000,522,33311,314,20201128,00:00,2021-10-07 10:30:51.51,3031940,1.120395702
558,2020-11-27 00:00:00.000,516,32808,313,20201127,00:00,2021-10-07 10:30:51.51,3009499,1.111057679
559,2020-11-26 00:00:00.000,515,32253,312,20201126,00:00,2021-10-07 10:30:51.51,2987982,1.099801168
560,2020-11-25 00:00:00.000,513,31672,311,20201125,00:00,2021-10-07 10:30:51.51,2966342,1.088196409
561,2020-11-24 00:00:00.000,510,31290,310,20201124,00:00,2021-10-07 10:30:51.51,2946336,1.083236082
562,2020-11-23 00:00:00.000,509,30941,309,20201123,00:00,2021-10-07 10:30:51.51,2922072,1.079732567
563,2020-11-22 00:00:00.000,505,30670,308,20201122,00:00,2021-10-07 10:30:51.51,2908827,1.074331704
564,2020-11-21 00:00:00.000,503,30340,307,20201121,00:00,2021-10-07 10:30:51.51,2896683,1.066305655
565,2020-11-20 00:00:00.000,501,29954,306,20201120,00:00,2021-10-07 10:30:51.51,2873380,1.060229637
566,2020-11-19 00:00:00.000,498,29606,305,20201119,00:00,2021-10-07 10:30:51.51,2853795,1.05424336
567,2020-11-18 00:00:00.000,496,29281,304,20201118,00:00,2021-10-07 10:30:51.51,2834332,1.048880158
568,2020-11-17 00:00:00.000,494,28996,303,20201117,00:00,2021-10-07 10:30:51.51,2815753,1.045069995
569,2020-11-16 00:00:00.000,494,28766,302,20201116,00:00,2021-10-07 10:30:51.51,2797689,1.042482446
570,2020-11-15 00:00:00.000,493,28544,301,20201115,00:00,2021-10-07 10:30:51.51,2786876,1.037775705
571,2020-11-14 00:00:00.000,492,28336,300,20201114,00:00,2021-10-07 10:30:51.51,2777287,1.033182078
572,2020-11-13 00:00:00.000,488,28131,299,20201113,00:00,2021-10-07 10:30:51.51,2761409,1.029952879
573,2020-11-12 00:00:00.000,487,27940,298,20201112,00:00,2021-10-07 10:30:51.51,2749770,1.027022378
574,2020-11-11 00:00:00.000,487,27797,297,20201111,00:00,2021-10-07 10:30:51.51,2736532,1.026536241
575,2020-11-10 00:00:00.000,485,27652,296,20201110,00:00,2021-10-07 10:30:51.51,2723959,1.025628091
576,2020-11-09 00:00:00.000,480,27552,295,20201109,00:00,2021-10-07 10:30:51.51,2709198,1.02675863
577,2020-11-08 00:00:00.000,478,27426,294,20201108,00:00,2021-10-07 10:30:51.51,2702879,1.024416645
578,2020-11-07 00:00:00.000,477,27283,293,20201107,00:00,2021-10-07 10:30:51.51,2697248,1.021440784
579,2020-11-06 00:00:00.000,476,27194,292,20201106,00:00,2021-10-07 10:30:51.51,2686313,1.02206801
580,2020-11-05 00:00:00.000,475,27049,291,20201105,00:00,2021-10-07 10:30:51.51,2673705,1.021239933
581,2020-11-04 00:00:00.000,474,26924,290,20201104,00:00,2021-10-07 10:30:51.51,2662259,1.020620136
582,2020-11-03 00:00:00.000,472,26807,289,20201103,00:00,2021-10-07 10:30:51.51,2649859,1.021591101
583,2020-11-02 00:00:00.000,468,26732,288,20201102,00:00,2021-10-07 10:30:51.51,2636650,1.023772886
584,2020-11-01 00:00:00.000,466,26635,287,20201101,00:00,2021-10-07 10:30:51.51,2630630,1.02214605
585,2020-10-31 00:00:00.000,464,26511,286,20201031,00:00,2021-10-07 10:30:51.51,2624492,1.020119177
586,2020-10-30 00:00:00.000,463,26384,285,20201030,00:00,2021-10-07 10:30:51.51,2612231,1.020318981
587,2020-10-29 00:00:00.000,462,26271,284,20201029,00:00,2021-10-07 10:30:51.51,2597978,1.021490534
588,2020-10-28 00:00:00.000,461,26146,283,20201028,00:00,2021-10-07 10:30:51.51,2582960,1.021305784
589,2020-10-27 00:00:00.000,460,26043,282,20201027,00:00,2021-10-07 10:30:51.51,2567587,1.023467883
590,2020-10-26 00:00:00.000,457,25955,281,20201026,00:00,2021-10-07 10:30:51.51,2552264,1.025281049
591,2020-10-25 00:00:00.000,457,25836,280,20201025,00:00,2021-10-07 10:30:51.51,2546146,1.023425171
592,2020-10-24 00:00:00.000,457,25775,279,20201024,00:00,2021-10-07 10:30:51.51,2540679,1.023308405
593,2020-10-23 00:00:00.000,455,25698,278,20201023,00:00,2021-10-07 10:30:51.51,2528621,1.024563121
594,2020-10-22 00:00:00.000,453,25543,277,20201022,00:00,2021-10-07 10:30:51.51,2515325,1.02355749
595,2020-10-21 00:00:00.000,450,25422,276,20201021,00:00,2021-10-07 10:30:51.51,2503489,1.0234316
596,2020-10-20 00:00:00.000,447,25333,275,20201020,00:00,2021-10-07 10:30:51.51,2491311,1.024825926
597,2020-10-19 00:00:00.000,444,25275,274,20201019,00:00,2021-10-07 10:30:51.51,2479226,1.026411361
598,2020-10-18 00:00:00.000,444,25199,273,20201018,00:00,2021-10-07 10:30:51.51,2474529,1.025705526
599,2020-10-17 00:00:00.000,443,25108,272,20201017,00:00,2021-10-07 10:30:51.51,2468527,1.02431086
600,2020-10-16 00:00:00.000,441,25035,271,20201016,00:00,2021-10-07 10:30:51.51,2459426,1.025154469
601,2020-10-15 00:00:00.000,439,24988,270,20201015,00:00,2021-10-07 10:30:51.51,2450739,1.027265623
602,2020-10-14 00:00:00.000,438,24878,269,20201014,00:00,2021-10-07 10:30:51.51,2441443,1.02672379
603,2020-10-13 00:00:00.000,434,24794,268,20201013,00:00,2021-10-07 10:30:51.51,2428760,1.029379284
604,2020-10-12 00:00:00.000,433,24703,267,20201012,00:00,2021-10-07 10:30:51.51,2415610,1.030830181
605,2020-10-11 00:00:00.000,432,24605,266,20201011,00:00,2021-10-07 10:30:51.51,2410483,1.028989871
606,2020-10-10 00:00:00.000,430,24547,265,20201010,00:00,2021-10-07 10:30:51.51,2404684,1.028921466
607,2020-10-09 00:00:00.000,428,24475,264,20201009,00:00,2021-10-07 10:30:51.51,2400233,1.028562735
608,2020-10-08 00:00:00.000,427,24421,263,20201008,00:00,2021-10-07 10:30:51.51,2388844,1.031350592
609,2020-10-07 00:00:00.000,425,24352,262,20201007,00:00,2021-10-07 10:30:51.51,2378073,1.033644816
610,2020-10-06 00:00:00.000,422,24238,261,20201006,00:00,2021-10-07 10:30:51.51,2365433,1.034619942
611,2020-10-05 00:00:00.000,422,24163,260,20201005,00:00,2021-10-07 10:30:51.51,2352378,1.037069338
612,2020-10-04 00:00:00.000,421,24090,259,20201004,00:00,2021-10-07 10:30:51.51,2346345,1.03647274
613,2020-10-03 00:00:00.000,420,24026,258,20201003,00:00,2021-10-07 10:30:51.51,2339859,1.036241273
614,2020-10-02 00:00:00.000,416,23951,257,20201002,00:00,2021-10-07 10:30:51.51,2333777,1.035145057
615,2020-10-01 00:00:00.000,415,23888,256,20201001,00:00,2021-10-07 10:30:51.51,2328435,1.034826629
616,2020-09-30 00:00:00.000,413,23811,255,20200930,00:00,2021-10-07 10:30:51.51,2322999,1.034180376
617,2020-09-29 00:00:00.000,407,23698,254,20200929,00:00,2021-10-07 10:30:51.51,2313044,1.033498649
618,2020-09-28 00:00:00.000,406,23660,253,20200928,00:00,2021-10-07 10:30:51.51,2301303,1.036484609
619,2020-09-27 00:00:00.000,401,23610,252,20200927,00:00,2021-10-07 10:30:51.51,2296517,1.036599742
620,2020-09-26 00:00:00.000,399,23515,251,20200926,00:00,2021-10-07 10:30:51.51,2290345,1.035065456
621,2020-09-25 00:00:00.000,395,23454,250,20200925,00:00,2021-10-07 10:30:51.51,2280276,1.037465813
622,2020-09-24 00:00:00.000,393,23340,249,20200924,00:00,2021-10-07 10:30:51.51,2268999,1.038156014
623,2020-09-23 00:00:00.000,388,23215,248,20200923,00:00,2021-10-07 10:30:51.51,2256899,1.038065223
624,2020-09-22 00:00:00.000,388,23105,247,20200922,00:00,2021-10-07 10:30:51.51,2245112,1.039880462
625,2020-09-21 00:00:00.000,385,23044,246,20200921,00:00,2021-10-07 10:30:51.51,2231589,1.043161934
626,2020-09-20 00:00:00.000,383,22974,245,20200920,00:00,2021-10-07 10:30:51.51,2226701,1.043121974
627,2020-09-19 00:00:00.000,378,22892,244,20200919,00:00,2021-10-07 10:30:51.51,2219162,1.043173778
628,2020-09-18 00:00:00.000,377,22782,243,20200918,00:00,2021-10-07 10:30:51.51,2206365,1.044584913
629,2020-09-17 00:00:00.000,372,22656,242,20200917,00:00,2021-10-07 10:30:51.51,2191892,1.045797975
630,2020-09-16 00:00:00.000,367,22503,241,20200916,00:00,2021-10-07 10:30:51.51,2178832,1.045197609
631,2020-09-15 00:00:00.000,367,22390,240,20200915,00:00,2021-10-07 10:30:51.51,2164578,1.047599084
632,2020-09-14 00:00:00.000,363,22284,239,20200914,00:00,2021-10-07 10:30:51.51,2151002,1.049386728
633,2020-09-13 00:00:00.000,358,22175,238,20200913,00:00,2021-10-07 10:30:51.51,2143270,1.048183346
634,2020-09-12 00:00:00.000,355,22054,237,20200912,00:00,2021-10-07 10:30:51.51,2135457,1.046388101
635,2020-09-11 00:00:00.000,350,21918,236,20200911,00:00,2021-10-07 10:30:51.51,2119211,1.048814521
636,2020-09-10 00:00:00.000,346,21742,235,20200910,00:00,2021-10-07 10:30:51.51,2099591,1.052079941
637,2020-09-09 00:00:00.000,344,21587,234,20200909,00:00,2021-10-07 10:30:51.51,2082234,1.0552373
638,2020-09-08 00:00:00.000,341,21431,233,20200908,00:00,2021-10-07 10:30:51.51,2066078,1.059520208
639,2020-09-07 00:00:00.000,336,21295,232,20200907,00:00,2021-10-07 10:30:51.51,2051297,1.062525072
640,2020-09-06 00:00:00.000,334,21176,231,20200906,00:00,2021-10-07 10:30:51.51,2045935,1.060754971
641,2020-09-05 00:00:00.000,333,21009,230,20200905,00:00,2021-10-07 10:30:51.51,2037045,1.058404972
642,2020-09-04 00:00:00.000,331,20841,229,20200904,00:00,2021-10-07 10:30:51.51,2018906,1.059726234
643,2020-09-03 00:00:00.000,329,20643,228,20200903,00:00,2021-10-07 10:30:51.51,2000552,1.061321482
644,2020-09-02 00:00:00.000,326,20448,227,20200902,00:00,2021-10-07 10:30:51.51,1980295,1.063036151
645,2020-09-01 00:00:00.000,324,20181,226,20200901,00:00,2021-10-07 10:30:51.51,1959080,1.060853045
646,2020-08-31 00:00:00.000,324,19946,225,20200831,00:00,2021-10-07 10:30:51.51,1937689,1.061062989
647,2020-08-30 00:00:00.000,323,19698,224,20200830,00:00,2021-10-07 10:30:51.51,1924170,1.055542725
648,2020-08-29 00:00:00.000,321,19399,223,20200829,00:00,2021-10-07 10:30:51.51,1909329,1.045608675
649,2020-08-28 00:00:00.000,316,19076,222,20200828,00:00,2021-10-07 10:30:51.51,1887717,1.038428835
650,2020-08-27 00:00:00.000,313,18705,221,20200827,00:00,2021-10-07 10:30:51.51,1869579,1.029139418
651,2020-08-26 00:00:00.000,312,18264,220,20200826,00:00,2021-10-07 10:30:51.51,1849506,1.016524082
652,2020-08-25 00:00:00.000,310,17944,219,20200825,00:00,2021-10-07 10:30:51.51,1825837,1.010659119
653,2020-08-24 00:00:00.000,309,17664,218,20200824,00:00,2021-10-07 10:30:51.51,1804422,1.005678004
654,2020-08-23 00:00:00.000,309,17398,217,20200823,00:00,2021-10-07 10:30:51.51,1791186,0.997808011
655,2020-08-22 00:00:00.000,309,17002,216,20200822,00:00,2021-10-07 10:30:51.51,1775800,0.980862169
656,2020-08-21 00:00:00.000,309,16670,215,20200821,00:00,2021-10-07 10:30:51.51,1754123,0.971401067
657,2020-08-20 00:00:00.000,307,16346,214,20200820,00:00,2021-10-07 10:30:51.51,1734083,0.96204722
658,2020-08-19 00:00:00.000,306,16058,213,20200819,00:00,2021-10-07 10:30:51.51,1715064,0.953539164
659,2020-08-18 00:00:00.000,306,15761,212,20200818,00:00,2021-10-07 10:30:51.51,1697042,0.942743341
660,2020-08-17 00:00:00.000,305,15515,211,20200817,00:00,2021-10-07 10:30:51.51,1688470,0.931548731
661,2020-08-16 00:00:00.000,305,15318,210,20200816,00:00,2021-10-07 10:30:51.51,1681787,0.922892283
662,2020-08-15 00:00:00.000,305,15039,209,20200815,00:00,2021-10-07 10:30:51.51,1675296,0.909427349
663,2020-08-14 00:00:00.000,305,14873,208,20200814,00:00,2021-10-07 10:30:51.51,1665084,0.904160121
664,2020-08-13 00:00:00.000,305,14770,207,20200813,00:00,2021-10-07 10:30:51.51,1654898,0.902205119
665,2020-08-12 00:00:00.000,305,14714,206,20200812,00:00,2021-10-07 10:30:51.51,1646652,0.903099964
666,2020-08-11 00:00:00.000,305,14660,205,20200811,00:00,2021-10-07 10:30:51.51,1637844,0.904740011
667,2020-08-10 00:00:00.000,305,14626,204,20200810,00:00,2021-10-07 10:30:51.51,1628303,0.907372448
668,2020-08-09 00:00:00.000,305,14598,203,20200809,00:00,2021-10-07 10:30:51.51,1624650,0.907922209
669,2020-08-08 00:00:00.000,304,14562,202,20200808,00:00,2021-10-07 10:30:51.51,1620514,0.907623929
670,2020-08-07 00:00:00.000,303,14519,201,20200807,00:00,2021-10-07 10:30:51.51,1613652,0.909379024
671,2020-08-06 00:00:00.000,302,14499,200,20200806,00:00,2021-10-07 10:30:51.51,1606487,0.912773158
672,2020-08-05 00:00:00.000,302,14456,199,20200805,00:00,2021-10-07 10:30:51.51,1598187,0.915112202
673,2020-08-04 00:00:00.000,301,14423,198,20200804,00:00,2021-10-07 10:30:51.51,1589780,0.918044933
674,2020-08-03 00:00:00.000,301,14389,197,20200803,00:00,2021-10-07 10:30:51.51,1579757,0.920980878
675,2020-08-02 00:00:00.000,301,14366,196,20200802,00:00,2021-10-07 10:30:51.51,1576246,0.921796779
676,2020-08-01 00:00:00.000,301,14336,195,20200801,00:00,2021-10-07 10:30:51.51,1571830,0.922788552
677,2020-07-31 00:00:00.000,301,14305,194,20200731,00:00,2021-10-07 10:30:51.51,1563796,0.925610787
678,2020-07-30 00:00:00.000,300,14269,193,20200730,00:00,2021-10-07 10:30:51.51,1556215,0.928247973
679,2020-07-29 00:00:00.000,300,14251,192,20200729,00:00,2021-10-07 10:30:51.51,1547307,0.932668665
680,2020-07-28 00:00:00.000,300,14203,191,20200728,00:00,2021-10-07 10:30:51.51,1537704,0.93609533
681,2020-07-27 00:00:00.000,299,14175,190,20200727,00:00,2021-10-07 10:30:51.51,1526974,0.939859595
682,2020-07-26 00:00:00.000,298,14150,189,20200726,00:00,2021-10-07 10:30:51.51,1522926,0.94100466
683,2020-07-25 00:00:00.000,298,14092,188,20200725,00:00,2021-10-07 10:30:51.51,1518634,0.940122872
684,2020-07-24 00:00:00.000,298,13979,187,20200724,00:00,2021-10-07 10:30:51.51,1510327,0.938334022
685,2020-07-23 00:00:00.000,297,13938,186,20200723,00:00,2021-10-07 10:30:51.51,1500854,0.942115779
686,2020-07-22 00:00:00.000,297,13879,185,20200722,00:00,2021-10-07 10:30:51.51,1492071,0.943944175
687,2020-07-21 00:00:00.000,296,13816,184,20200721,00:00,2021-10-07 10:30:51.51,1482390,0.947257711
688,2020-07-20 00:00:00.000,296,13771,183,20200720,00:00,2021-10-07 10:30:51.51,1470193,0.950451069
689,2020-07-19 00:00:00.000,295,13745,182,20200719,00:00,2021-10-07 10:30:51.51,1465299,0.952301111
690,2020-07-18 00:00:00.000,294,13711,181,20200718,00:00,2021-10-07 10:30:51.51,1460204,0.953954028
691,2020-07-17 00:00:00.000,293,13672,180,20200717,00:00,2021-10-07 10:30:51.51,1451017,0.957485326
692,2020-07-16 00:00:00.000,291,13612,179,20200716,00:00,2021-10-07 10:30:51.51,1441348,0.959981494
693,2020-07-15 00:00:00.000,289,13551,178,20200715,00:00,2021-10-07 10:30:51.51,1431316,0.96241599
694,2020-07-14 00:00:00.000,289,13512,177,20200714,00:00,2021-10-07 10:30:51.51,1420616,0.967681639
695,2020-07-13 00:00:00.000,289,13479,176,20200713,00:00,2021-10-07 10:30:51.51,1408312,0.972183254
696,2020-07-12 00:00:00.000,289,13417,175,20200712,00:00,2021-10-07 10:30:51.51,1402144,0.972025206
697,2020-07-11 00:00:00.000,288,13373,174,20200711,00:00,2021-10-07 10:30:51.51,1396941,0.973296041
698,2020-07-10 00:00:00.000,288,13338,173,20200710,00:00,2021-10-07 10:30:51.51,1384890,0.97975338
699,2020-07-09 00:00:00.000,287,13293,172,20200709,00:00,2021-10-07 10:30:51.51,1371771,0.986230756
700,2020-07-08 00:00:00.000,285,13243,171,20200708,00:00,2021-10-07 10:30:51.51,1359734,0.991448819
701,2020-07-07 00:00:00.000,285,13181,170,20200707,00:00,2021-10-07 10:30:51.51,1346194,0.996658649
702,2020-07-06 00:00:00.000,284,13137,169,20200706,00:00,2021-10-07 10:30:51.51,1331796,1.002438756
703,2020-07-05 00:00:00.000,283,13089,168,20200705,00:00,2021-10-07 10:30:51.51,1326055,1.003445246
704,2020-07-04 00:00:00.000,283,13028,167,20200704,00:00,2021-10-07 10:30:51.51,1319521,1.00431699
705,2020-07-03 00:00:00.000,282,12965,166,20200703,00:00,2021-10-07 10:30:51.51,1307759,1.00800887
706,2020-07-02 00:00:00.000,282,12904,165,20200702,00:00,2021-10-07 10:30:51.51,1295962,1.011142629
707,2020-07-01 00:00:00.000,282,12850,164,20200701,00:00,2021-10-07 10:30:51.51,1285231,1.015244468
708,2020-06-30 00:00:00.000,282,12799,163,20200630,00:00,2021-10-07 10:30:51.51,1273765,1.021504347
709,2020-06-29 00:00:00.000,282,12757,162,20200629,00:00,2021-10-07 10:30:51.51,1259954,1.027584568
710,2020-06-28 00:00:00.000,282,12715,161,20200628,00:00,2021-10-07 10:30:51.51,1251695,1.03148399
711,2020-06-27 00:00:00.000,282,12653,160,20200627,00:00,2021-10-07 10:30:51.51,1243780,1.033814467
712,2020-06-26 00:00:00.000,282,12602,159,20200626,00:00,2021-10-07 10:30:51.51,1232315,1.03849485
713,2020-06-25 00:00:00.000,282,12563,158,20200625,00:00,2021-10-07 10:30:51.51,1220478,1.045541779
714,2020-06-24 00:00:00.000,281,12535,157,20200624,00:00,2021-10-07 10:30:51.51,1208597,1.05482214
715,2020-06-23 00:00:00.000,281,12484,156,20200623,00:00,2021-10-07 10:30:51.51,1196012,1.063614073
716,2020-06-22 00:00:00.000,280,12438,155,20200622,00:00,2021-10-07 10:30:51.51,1182066,1.069785484
717,2020-06-21 00:00:00.000,280,12421,154,20200621,00:00,2021-10-07 10:30:51.51,1176463,1.074116736
718,2020-06-20 00:00:00.000,280,12373,153,20200620,00:00,2021-10-07 10:30:51.51,1170901,1.07644565
719,2020-06-19 00:00:00.000,280,12306,152,20200619,00:00,2021-10-07 10:30:51.51,1158063,1.082442806
720,2020-06-18 00:00:00.000,280,12257,151,20200618,00:00,2021-10-07 10:30:51.51,1145712,1.090482367
721,2020-06-17 00:00:00.000,279,12198,150,20200617,00:00,2021-10-07 10:30:51.51,1132823,1.097599821
722,2020-06-16 00:00:00.000,278,12155,149,20200616,00:00,2021-10-07 10:30:51.51,1119767,1.107885538
723,2020-06-15 00:00:00.000,277,12121,148,20200615,00:00,2021-10-07 10:30:51.51,1105719,1.117219055
724,2020-06-14 00:00:00.000,277,12084,147,20200614,00:00,2021-10-07 10:30:51.51,1100327,1.119955958
725,2020-06-13 00:00:00.000,277,12050,146,20200613,00:00,2021-10-07 10:30:51.51,1094704,1.124747049
726,2020-06-12 00:00:00.000,277,12002,145,20200612,00:00,2021-10-07 10:30:51.51,1081486,1.135217859
727,2020-06-11 00:00:00.000,276,11946,144,20200611,00:00,2021-10-07 10:30:51.51,1066888,1.147116269
728,2020-06-10 00:00:00.000,276,11901,143,20200610,00:00,2021-10-07 10:30:51.51,1051972,1.160225357
729,2020-06-09 00:00:00.000,274,11851,142,20200609,00:00,2021-10-07 10:30:51.51,1035997,1.175067276
730,2020-06-08 00:00:00.000,273,11813,141,20200608,00:00,2021-10-07 10:30:51.51,1018214,1.188621911
731,2020-06-07 00:00:00.000,273,11776,140,20200607,00:00,2021-10-07 10:30:51.51,1012769,1.193971741
732,2020-06-06 00:00:00.000,273,11719,139,20200606,00:00,2021-10-07 10:30:51.51,1005305,1.199057452
733,2020-06-05 00:00:00.000,273,11668,138,20200605,00:00,2021-10-07 10:30:51.51,990960,1.212645267
734,2020-06-04 00:00:00.000,273,11629,137,20200604,00:00,2021-10-07 10:30:51.51,973858,1.229724457
735,2020-06-03 00:00:00.000,273,11590,136,20200603,00:00,2021-10-07 10:30:51.51,956852,1.247595499
736,2020-06-02 00:00:00.000,272,11541,135,20200602,00:00,2021-10-07 10:30:51.51,939851,1.266948357
737,2020-06-01 00:00:00.000,271,11503,134,20200601,00:00,2021-10-07 10:30:51.51,921391,1.281909837
738,2020-05-31 00:00:00.000,270,11468,133,20200531,00:00,2021-10-07 10:30:51.51,910822,1.292128248
739,2020-05-30 00:00:00.000,269,11441,132,20200530,00:00,2021-10-07 10:30:51.51,902901,1.305151819
740,2020-05-29 00:00:00.000,269,11402,131,20200529,00:00,2021-10-07 10:30:51.51,885120,1.324946576
741,2020-05-28 00:00:00.000,269,11344,130,20200528,00:00,2021-10-07 10:30:51.51,868666,1.340429353
742,2020-05-27 00:00:00.000,269,11265,129,20200527,00:00,2021-10-07 10:30:51.51,852876,1.354267475
743,2020-05-26 00:00:00.000,269,11225,128,20200526,00:00,2021-10-07 10:30:51.51,839475,1.373204589
744,2020-05-25 00:00:00.000,267,11206,127,20200525,00:00,2021-10-07 10:30:51.51,826437,1.388001209
745,2020-05-24 00:00:00.000,266,11190,126,20200524,00:00,2021-10-07 10:30:51.51,820289,1.398826935
746,2020-05-23 00:00:00.000,266,11165,125,20200523,00:00,2021-10-07 10:30:51.51,814420,1.408209109
747,2020-05-22 00:00:00.000,264,11142,124,20200522,00:00,2021-10-07 10:30:51.51,802418,1.42456772
748,2020-05-21 00:00:00.000,264,11122,123,20200521,00:00,2021-10-07 10:30:51.51,788684,1.443300307
749,2020-05-20 00:00:00.000,263,11110,122,20200520,00:00,2021-10-07 10:30:51.51,776433,1.461684397
750,2020-05-19 00:00:00.000,263,11078,121,20200519,00:00,2021-10-07 10:30:51.51,765574,1.479732158
751,2020-05-18 00:00:00.000,263,11065,120,20200518,00:00,2021-10-07 10:30:51.51,753211,1.501116511
752,2020-05-17 00:00:00.000,262,11050,119,20200517,00:00,2021-10-07 10:30:51.51,747653,1.513713145
753,2020-05-16 00:00:00.000,262,11037,118,20200516,00:00,2021-10-07 10:30:51.51,740645,1.528031211
754,2020-05-15 00:00:00.000,260,11018,117,20200515,00:00,2021-10-07 10:30:51.51,726747,1.558698039
755,2020-05-13 00:00:00.000,259,10962,115,20200513,00:00,2021-10-07 10:30:51.51,695920,1.62078005
756,2020-05-12 00:00:00.000,258,10936,114,20200512,00:00,2021-10-07 10:30:51.51,680890,1.645600096
757,2020-05-11 00:00:00.000,256,10909,113,20200511,00:00,2021-10-07 10:30:51.51,668492,1.658986876
758,2020-05-10 00:00:00.000,256,10874,112,20200510,00:00,2021-10-07 10:30:51.51,663886,1.663306606
759,2020-05-09 00:00:00.000,256,10840,111,20200509,00:00,2021-10-07 10:30:51.51,660030,1.665445238
760,2020-05-08 00:00:00.000,256,10822,110,20200508,00:00,2021-10-07 10:30:51.51,654863,1.675242571
761,2020-05-07 00:00:00.000,256,10810,109,20200507,00:00,2021-10-07 10:30:51.51,649388,1.686535332
762,2020-05-06 00:00:00.000,255,10806,108,20200506,00:00,2021-10-07 10:30:51.51,643095,1.701501844
763,2020-05-05 00:00:00.000,254,10804,107,20200505,00:00,2021-10-07 10:30:51.51,640237,1.711175063
764,2020-05-04 00:00:00.000,252,10801,106,20200504,00:00,2021-10-07 10:30:51.51,633921,1.726102486
765,2020-05-03 00:00:00.000,250,10793,105,20200503,00:00,2021-10-07 10:30:51.51,630973,1.734135623
766,2020-05-02 00:00:00.000,250,10780,104,20200502,00:00,2021-10-07 10:30:51.51,627562,1.741332911
767,2020-05-01 00:00:00.000,248,10774,103,20200501,00:00,2021-10-07 10:30:51.51,623069,1.753626397
768,2020-04-30 00:00:00.000,247,10765,102,20200430,00:00,2021-10-07 10:30:51.51,619881,1.761153838
769,2020-04-29 00:00:00.000,246,10761,101,20200429,00:00,2021-10-07 10:30:51.51,614197,1.776064962
770,2020-04-28 00:00:00.000,244,10752,100,20200428,00:00,2021-10-07 10:30:51.51,608514,1.794060179
771,2020-04-27 00:00:00.000,243,10738,99,20200427,00:00,2021-10-07 10:30:51.51,601660,1.811510464
772,2020-04-26 00:00:00.000,242,10728,98,20200426,00:00,2021-10-07 10:30:51.51,598285,1.820508208
773,2020-04-25 00:00:00.000,240,10718,97,20200425,00:00,2021-10-07 10:30:51.51,595161,1.829316166
774,2020-04-24 00:00:00.000,240,10708,96,20200424,00:00,2021-10-07 10:30:51.51,589520,1.846461581
775,2020-04-23 00:00:00.000,240,10702,95,20200423,00:00,2021-10-07 10:30:51.51,583971,1.865005786
776,2020-04-22 00:00:00.000,238,10694,94,20200422,00:00,2021-10-07 10:30:51.51,577959,1.88994023
777,2020-04-21 00:00:00.000,237,10683,93,20200421,00:00,2021-10-07 10:30:51.51,571014,1.913511364
778,2020-04-20 00:00:00.000,236,10674,92,20200420,00:00,2021-10-07 10:30:51.51,563035,1.937015247
779,2020-04-19 00:00:00.000,234,10661,91,20200419,00:00,2021-10-07 10:30:51.51,559109,1.949472083
780,2020-04-18 00:00:00.000,232,10653,90,20200418,00:00,2021-10-07 10:30:51.51,554834,1.968098078
781,2020-04-17 00:00:00.000,230,10635,89,20200417,00:00,2021-10-07 10:30:51.51,546463,1.998019828
782,2020-04-16 00:00:00.000,229,10613,88,20200416,00:00,2021-10-07 10:30:51.51,538775,2.023423901
783,2020-04-15 00:00:00.000,225,10591,87,20200415,00:00,2021-10-07 10:30:51.51,534552,2.038589022
784,2020-04-14 00:00:00.000,222,10564,86,20200414,00:00,2021-10-07 10:30:51.51,527438,2.060114628
785,2020-04-13 00:00:00.000,217,10537,85,20200413,00:00,2021-10-07 10:30:51.51,518743,2.08508129
786,2020-04-12 00:00:00.000,214,10512,84,20200412,00:00,2021-10-07 10:30:51.51,514621,2.098903227
787,2020-04-11 00:00:00.000,211,10480,83,20200411,00:00,2021-10-07 10:30:51.51,510479,2.111162368
788,2020-04-10 00:00:00.000,208,10450,82,20200410,00:00,2021-10-07 10:30:51.51,503051,2.142477853
789,2020-04-09 00:00:00.000,204,10423,81,20200409,00:00,2021-10-07 10:30:51.51,494711,2.175074395
790,2020-04-08 00:00:00.000,200,10384,80,20200408,00:00,2021-10-07 10:30:51.51,486003,2.218116182
791,2020-04-07 00:00:00.000,192,10331,79,20200407,00:00,2021-10-07 10:30:51.51,477304,2.262325524
792,2020-04-06 00:00:00.000,186,10284,78,20200406,00:00,2021-10-07 10:30:51.51,466804,2.298054341
793,2020-04-05 00:00:00.000,183,10237,77,20200405,00:00,2021-10-07 10:30:51.51,461233,2.317835811
794,2020-04-04 00:00:00.000,177,10156,76,20200404,00:00,2021-10-07 10:30:51.51,455032,2.33531392
795,2020-04-03 00:00:00.000,174,10062,75,20200403,00:00,2021-10-07 10:30:51.51,443273,2.371072072
796,2020-04-02 00:00:00.000,169,9976,74,20200402,00:00,2021-10-07 10:30:51.51,431743,2.410488622
797,2020-04-01 00:00:00.000,165,9887,73,20200401,00:00,2021-10-07 10:30:51.51,421547,2.441463644
798,2020-03-31 00:00:00.000,162,9786,72,20200331,00:00,2021-10-07 10:30:51.51,410564,2.485825764
799,2020-03-30 00:00:00.000,158,9661,71,20200330,00:00,2021-10-07 10:30:51.51,398902,2.506934876
800,2020-03-29 00:00:00.000,152,9583,70,20200329,00:00,2021-10-07 10:30:51.51,394141,2.527742388
801,2020-03-28 00:00:00.000,144,9478,69,20200328,00:00,2021-10-07 10:30:51.51,387925,2.552233541
802,2020-03-27 00:00:00.000,139,9332,68,20200327,00:00,2021-10-07 10:30:51.51,376961,2.579739151
803,2020-03-26 00:00:00.000,131,9241,67,20200326,00:00,2021-10-07 10:30:51.51,364942,2.635970254
804,2020-03-25 00:00:00.000,126,9137,66,20200325,00:00,2021-10-07 10:30:51.51,357896,2.659057442
805,2020-03-24 00:00:00.000,120,9037,65,20200324,00:00,2021-10-07 10:30:51.51,348582,2.712657065
806,2020-03-23 00:00:00.000,111,8961,64,20200323,00:00,2021-10-07 10:30:51.51,338036,2.762262336
807,2020-03-22 00:00:00.000,104,8897,63,20200322,00:00,2021-10-07 10:30:51.51,331780,2.804501324
808,2020-03-21 00:00:00.000,102,8799,62,20200321,00:00,2021-10-07 10:30:51.51,327509,2.82195603
809,2020-03-20 00:00:00.000,94,8652,61,20200320,00:00,2021-10-07 10:30:51.51,316664,2.873091828
810,2020-03-19 00:00:00.000,91,8565,60,20200319,00:00,2021-10-07 10:30:51.51,307024,2.942085738
811,2020-03-18 00:00:00.000,84,8413,59,20200318,00:00,2021-10-07 10:30:51.51,295647,3.012162506
812,2020-03-17 00:00:00.000,81,8320,58,20200317,00:00,2021-10-07 10:30:51.51,286716,3.088057901
813,2020-03-16 00:00:00.000,75,8236,57,20200316,00:00,2021-10-07 10:30:51.51,274504,3.173392208
814,2020-03-15 00:00:00.000,75,8162,56,20200315,00:00,2021-10-07 10:30:51.51,268212,3.239660237
815,2020-03-14 00:00:00.000,72,8086,55,20200314,00:00,2021-10-07 10:30:51.51,261335,3.318000336
816,2020-03-13 00:00:00.000,67,7979,54,20200313,00:00,2021-10-07 10:30:51.51,248647,3.458499309
817,2020-03-12 00:00:00.000,66,7869,53,20200312,00:00,2021-10-07 10:30:51.51,234998,3.621744273
818,2020-03-11 00:00:00.000,60,7755,52,20200311,00:00,2021-10-07 10:30:51.51,222395,3.804174536
819,2020-03-10 00:00:00.000,54,7513,51,20200310,00:00,2021-10-07 10:30:51.51,210144,3.919308057
